Mean,Std,Entropy,Energy,Shan_Energy,Target
0.048906655,9.186276036,1.341756212,2545802850,52655155387,1
-0.050809867,11.00102977,1.378861947,2463648020,50790182088,1
0.069618221,11.67313843,1.127050356,3190614824,67520254301,1
0.091914803,12.14327458,1.417630102,2351021838,48231140904,1
0.032682878,13.31476928,1.545782836,2085233888,42294981621,1
0.029566754,12.09804941,1.430150781,2341309542,48033893268,1
-0.025445437,12.69832247,1.577087536,2014232710,40718550665,1
0.054767635,10.99100836,1.463736226,2266074122,46344495846,1
0.056069514,11.98780158,1.47281241,2231357684,45552174235,1
0.075259761,11.68552004,1.47369154,2232057100,45574678623,1
0.021678243,10.0642214,1.236948082,2828150342,59056742377,1
0.038022922,13.25498257,1.605372852,1964022162,39599073432,1
0.021076196,11.35987899,1.501490487,2183386826,44495884619,1
0.007573342,13.21991808,1.604655911,1983165852,40050721186,1
0.049732093,12.69015716,1.346950288,2569380922,53221352212,1
0.006963354,17.2613496,1.499263569,2244380616,45925035456,1
0.09880764,12.03007912,1.422402966,2334397092,47860124189,1
0.014017325,13.51690336,1.688788299,1787499336,35695134813,1
0.006840788,11.89567341,1.581699009,2011729142,40664595948,1
0.016867181,3.810500275,1.502976235,2206382916,45056083014,1
0.001343943,0.141503618,1.242272979,3557217396,76806485327,1
0.030679906,7.999559941,1.38290212,2477931266,51148355254,1
0.029621523,8.60642979,1.331414027,2604527472,54012520099,1
0.006584212,10.11465583,1.342470147,2588149592,53629192621,1
0.017082749,10.75117944,1.490795991,2214415536,45200310156,1
0.020668474,7.203629696,1.321237917,2639760404,54829465143,1
0.102900337,9.29780329,0.940768758,3672433168,78269423772,1
0.032479677,10.43672179,0.642288936,5145750152,1.13586E+11,1
0.016371396,10.60069245,1.343413133,2573152158,53273877644,1
0.016892835,10.74060356,1.325597363,2630994410,54610684941,1
-0.028148671,10.4247979,1.498402131,2195677176,44781260604,1
-0.036490278,8.303257634,1.132969528,3307438236,70373115292,1
0.020330778,8.715614935,1.019240683,3597890806,76914542405,1
0.033039956,10.69860826,1.2629694,2809649154,58716347741,1
-0.011024788,11.01088432,1.431192508,2343101726,48068963788,1
0.070928074,14.73833486,0.614250203,5685105848,1.26884E+11,1
0.051853363,12.1980632,1.268539986,2770778666,57800547841,1
-0.00923582,10.44984095,1.53473405,2118432428,43047852582,1
-0.018326239,11.42907725,1.537464281,2105719758,42762733397,1
0.055532538,16.67684236,0.778003521,4803811026,1.05698E+11,1
-0.027071508,3.307839922,0.954144355,3950203730,85357361722,1
0.001345891,0.08321483,1.029204585,3569068536,76382144397,1
0.090421278,10.85751954,1.259057752,2770694996,57759829665,1
0.436381975,19.29473565,0.952817754,3800675594,81593368378,1
0.145116682,11.61208875,1.159511426,3137670560,66347186804,1
0.174927023,12.18175508,1.11413597,3332216974,70863462756,1
-0.033017834,11.33246613,1.068263767,3430382216,73085850330,1
-0.012433782,14.01273837,1.128742955,3181720446,67139161895,1
-0.168801328,11.44201212,0.775282605,4034271590,86465917145,1
0.207177478,11.64745107,1.096373497,3270171410,69134615072,1
0.232363541,12.34878051,1.058841946,3385408582,71782800546,1
0.188259029,12.58476331,0.941251763,4071523654,88418822663,1
0.090242857,9.762344359,1.190176904,3021404078,63546887708,1
0.080272921,11.92892338,1.177341588,3058492614,64366465216,1
0.219133883,12.42542038,1.073320422,3334775084,70603487512,1
0.041649752,12.93798896,0.846012492,4282290994,93114859551,1
0.226066428,15.57735372,1.203560152,3002904900,63079511392,1
-0.020232497,17.91527657,0.79659027,4077577154,87610148537,1
0.155109736,11.96764142,1.123096963,3268901484,69413931449,1
0.161948059,12.86084604,1.016109432,3630809586,77816322861,1
0.233278622,12.94767777,1.089956288,3291159872,69611548648,1
-0.008734504,4.070602725,1.368467351,2542880560,52649868268,1
0.000173401,0.06818583,1.3107007,2665567140,55416079975,1
0.034193628,11.88057815,1.33382139,2614028404,54247198004,1
0.003253215,9.036782503,1.386520273,2455688086,50625866244,1
-0.01968614,11.01766335,1.593770343,1971709010,39755846890,1
-0.045819983,11.55486677,1.333493269,2607373096,54070537578,1
-0.046794222,9.356155547,1.149539628,3188593696,67523028753,1
-0.027257064,9.132391453,0.711684063,4146673940,89016583750,1
-0.014760615,11.36197062,1.612810909,1943767054,39155810340,1
-0.003229794,9.242078971,1.377729601,2472069294,50985421235,1
-0.017604564,11.79932279,1.511383806,2154608776,43847618862,1
-0.014907054,11.19285041,1.589409992,2006422566,40555657804,1
0.023379597,8.515524018,1.51331959,2146486742,43659105491,1
-0.008685403,10.80514277,1.609290708,1949951754,39287948053,1
-0.00901018,13.27047352,1.183950168,2989796048,62761966569,1
-0.033156843,12.68571561,1.531560787,2119272696,43074497047,1
0.003639474,14.9911958,1.598761212,1992081682,40251484486,1
-0.048054768,13.84784943,1.537682004,2088226794,42344250987,1
-0.005953164,10.96270051,1.555860637,2057260392,41664576050,1
-0.006259429,13.8647938,1.489451674,2230785380,45576405684,1
-0.009272837,14.77994638,1.441985502,2315496008,47447001085,1
-0.004744548,4.956878267,1.328086599,2600500768,53885005853,1
0.000834783,0.068023987,1.267379817,3095697980,65515777669,1
-0.007373469,12.96779533,1.299788735,2360812682,48799468964,1
0.050071681,17.81184123,1.398361117,2131994526,43657614195,1
0.018960859,16.39196158,1.382789755,2189028676,44954852886,1
0.075779879,16.36963508,1.421384605,2100656698,42966421079,1
-0.024771083,12.4347214,1.141638385,2781409370,58433769245,1
0.010604437,19.42150626,1.55025581,1825038822,36792729344,1
-0.119263453,15.13126569,0.769436611,4176653328,91310551597,1
0.005954953,14.50678528,1.224225045,2534486826,52714716015,1
-0.031095763,16.39453297,1.432746404,2073424234,42366543355,1
-0.009531173,16.6469825,1.299474271,2371209180,49043839612,1
0.031032794,13.47540591,1.178707953,2699598068,56609856521,1
-0.191613951,17.37353195,1.038793665,3062280864,64925864429,1
-0.09652095,17.40244504,1.151983068,2817702144,59379497455,1
0.098752649,16.36072124,1.353048524,2251470876,46347464745,1
0.028623331,16.29413939,1.347489839,2309727786,47741902114,1
0.172313635,20.72389418,0.856177501,3751372882,81031672550,1
0.01313108,15.60860963,1.405967603,2117701492,43332257380,1
-0.017895295,16.53156423,1.448314734,2033858930,41459250644,1
-0.002182051,16.46378926,1.274896718,2465539064,51191206096,1
-0.019662786,6.120895907,1.13110885,2870989622,60640718424,1
-0.000499179,0.078044153,0.77974542,4340102806,95312395742,1
-0.015298757,17.42665973,1.696024974,1808064838,36185370922,1
0.000771386,6.855482853,1.409486541,2388782200,49106313547,1
-0.045775306,10.79779434,1.217605549,2970971552,62471938104,1
0.064629458,9.770706558,1.501685122,2187077344,44580049843,1
-0.027043696,10.61612108,1.5462971,2104782644,42757898094,1
0.02356169,9.936319612,1.509655259,2179665052,44419771556,1
-0.022512963,10.09808234,1.539391191,2124635684,43212430876,1
-0.102546282,9.930848422,1.225258716,2922198222,61271271548,1
-0.007582006,10.13472414,1.547341176,2109207786,42867170703,1
-0.019275696,10.36993388,1.537094015,2121767012,43136914226,1
-0.008807561,7.644974227,1.44010178,2335385426,47920171697,1
0.034041885,11.11188315,1.528520436,2157318300,43943199103,1
0.037554908,13.03214802,1.540831033,2139028430,43548421906,1
0.013615706,15.44327896,1.566941204,2099422664,42695289618,1
0.017068669,16.22032048,1.58106114,2090226836,42518088584,1
0.021581256,16.56055559,1.568955621,2102458104,42775018136,1
0.033065942,11.38207243,1.55738059,2067233344,41903344776,1
-0.027913347,9.607803835,1.556731049,2088420886,42408456377,1
-0.008432975,16.633147,1.496831358,2231048500,45610367109,1
0.004544162,4.764034802,1.555903051,2078783994,42165643862,1
0.001080272,0.152915577,1.524861104,2400495792,49640291477,1
-0.001439328,7.156005041,1.638096205,1888817512,37931830259,1
-0.023350555,8.109548662,1.406788258,2410526670,49612623054,1
-0.000234111,10.79499472,1.726535935,1719624984,34203391256,1
-0.002578954,8.513146874,1.730073536,1727262762,34385210106,1
0.010688537,9.628044095,1.598068855,1987875762,40152363675,1
-0.032072805,7.917228471,1.402937719,2418429756,49776733396,1
0.036910645,8.049558218,1.440121729,2330725204,47821741265,1
0.002321886,7.851620916,1.600774227,1977641402,39913054983,1
-0.003012742,7.756782121,1.664958655,1841051518,36881432554,1
-0.089738021,8.717095232,1.12928884,3198383526,67618463057,1
0.035433455,6.862582318,1.387945254,2463308264,50793637823,1
-0.001016458,7.46826775,1.605148386,1976608530,39904354697,1
-0.00620773,7.970765897,1.629367657,1927281222,38805640014,1
0.011991136,8.794232791,1.604729617,1975935130,39892864686,1
-0.010718126,8.609128451,1.635977266,1908894832,38395473117,1
0.007972574,8.632629964,1.578660391,2025456754,40976034541,1
-0.005775303,8.406112233,1.690285323,1807686986,36166291355,1
-0.009203685,8.020125369,1.647912157,1875762588,37650559076,1
-0.001968423,8.233479633,1.657460523,1868102900,37490665742,1
0.005395709,4.157442155,1.542112355,2094209678,42502350021,1
-0.000480541,0.116918991,0.864846295,4833425712,1.06792E+11,1
0.009548427,8.382276434,1.603400841,1950228256,39280227112,1
0.018075864,9.765765825,1.647885346,1890385868,37990506381,1
0.017167191,9.197863824,1.495725141,2212004944,45141915537,1
0.027658414,8.394306401,1.493891628,2237887020,45756649687,1
0.072277133,9.160761041,1.301790189,2670870764,55484374044,1
-0.006011422,8.102113218,1.664127155,1846386258,37002312831,1
0.037381251,9.670835758,1.460711771,2293792838,46983840745,1
0.044117136,11.02706247,1.399926464,2463984898,50853796582,1
0.028516129,11.99574155,1.552786706,2113046552,42950837623,1
0.056472388,11.59326792,1.510254469,2230413170,45611388952,1
0.030544341,7.531346764,1.479983271,2250179458,46009329415,1
0.005268529,8.516283555,1.605619093,1990371818,40221598318,1
0.052648536,13.68311064,1.499409597,2263308734,46367809170,1
0.052979019,14.09998004,1.499197674,2270250640,46547329299,1
0.032403254,12.29797584,1.516822044,2214656132,45273782383,1
0.063235049,12.56452948,1.499355744,2245553480,45947557931,1
0.029403139,8.824072216,1.563312872,2074821114,42093113143,1
0.048862127,11.9785817,1.520395604,2203846950,45017722410,1
0.07987611,14.73379929,1.455824634,2395102424,49354077766,1
0.006430282,4.433123902,1.520865416,2141161802,43557794181,1
-0.000345191,0.060266976,1.22292489,3253452760,69254546118,1
-0.000357693,8.370442827,1.650001204,1867713256,37467252136,1
-0.00147704,9.090530347,1.641899932,1910541940,38440528101,1
-0.000770659,7.405151006,1.473897424,2270471292,46470894199,1
-0.005157695,8.981040111,1.608836045,1970898194,39767997298,1
-0.010035495,6.288953829,1.468423678,2267683690,46393124891,1
-0.013661244,8.203502374,1.547222269,2089004532,42387374750,1
-0.027191802,7.625507084,1.571971324,2039978318,41309223998,1
0.018827539,7.277534833,1.534493782,2130034626,43327042948,1
-0.006123398,8.071006053,1.588315031,2022726262,40937451972,1
0.003951705,7.809235834,1.502625765,2205527064,45010767510,1
0.0071793,9.467670719,1.250425213,2768883456,57678697613,1
0.010724487,7.72072779,1.50713328,2184332778,44531004243,1
0.002108908,9.217611372,1.501601719,2203780166,44962484976,1
-0.010108025,9.356247156,1.483822809,2265403550,46382417643,1
0.02585222,9.848678437,1.488637017,2245249790,45907995233,1
0.036933832,13.12375495,1.569056855,2062691630,41820110381,1
-0.019707671,7.574965578,1.521860977,2171428588,44264691606,1
-0.009349686,8.416925234,1.563117054,2081491138,42247789628,1
0.012194009,9.674414234,1.42354817,2398149646,49355544604,1
-0.050067777,6.245776501,1.305436849,2677250010,55650987133,1
0.002068465,0.179981432,1.386768228,2712299490,56647410643,1
0.011989953,7.887761066,1.285629551,2744411974,57203519978,1
0.0501528,8.544472678,1.219083934,2922653170,61277218504,1
0.027151009,11.31667886,1.420201318,2403048722,49480538387,1
-0.034947835,11.6910182,1.297491623,2751464130,57441434499,1
0.055020149,9.36895882,1.19669467,3007253916,63248750532,1
0.029576467,7.896693404,1.365878337,2536442808,52494210940,1
0.074255692,8.750661274,1.045534358,3415813746,72504027337,1
0.085971849,9.617799046,1.108778811,3246694420,68604842911,1
0.020224714,11.23605596,1.372673711,2524266302,52211334759,1
0.029679416,11.76124703,1.464486893,2304865544,47259056332,1
0.071882022,8.438059897,1.017616732,3503118610,74484574196,1
-0.010710891,8.982383907,1.166354862,3066996326,64522324913,1
0.003238888,11.22285461,1.491174772,2240391420,45796545732,1
-0.012217567,11.68605641,1.453451628,2330023710,47821657539,1
-0.036017628,11.73078972,1.264140389,2863665516,60043972131,1
-0.110394277,12.51160181,0.992135682,3590347232,76586205072,1
0.033132387,12.87350685,1.462992453,2302778002,47218073042,1
0.03269523,13.10980509,1.522620756,2172702338,44290736509,1
0.053718368,13.02530856,1.369044877,2549148144,52795567894,1
-0.015699591,2.642104713,1.187000895,3029953846,63758686548,1
0.000694975,0.14716084,1.278117978,3376527408,72464321552,1
-0.21968392,14.68688972,1.366781775,2686690560,55697835411,1
-0.263312048,10.85190243,1.527822827,2332795026,47769195037,1
-0.112140213,10.41185803,1.118606076,3489325392,74259110982,1
-0.129322197,9.839173985,1.110199139,3536751442,75439604771,1
-0.011819799,9.243904896,1.431780197,2511101814,51731271405,1
-0.17023045,11.13804507,1.357320499,2715796926,56382499151,1
-0.02472026,7.788509831,1.368878892,2693749826,55898272402,1
-0.01320326,10.32851585,1.53011526,2275384052,46414422987,1
-0.038946187,8.439289392,1.070924111,3579642972,76167864830,1
-0.026064419,8.730967811,1.048735455,3759917936,80617055051,1
-0.059195452,6.102188126,1.492482423,2339522532,47829192826,1
-0.019865784,6.402423354,1.265462419,2968479554,62137893530,1
-0.045294449,7.083326447,1.276450351,2935895128,61351091230,1
-0.042454866,6.656476907,1.345707616,2769847390,57633033888,1
-0.047268944,5.981783899,1.095546063,3603469402,76820642036,1
0.040565306,6.387620952,1.11316913,3484491970,74051600408,1
-0.109146136,10.8851549,1.062475546,3698253594,79190874922,1
-0.073810492,8.468920773,0.955279591,3927672596,84131320257,1
-0.047712712,7.044464399,1.229956924,3114033708,65534220490,1
-0.027606784,5.539926389,1.404767851,2567713642,52979435140,1
0.002627974,0.080842759,1.165947811,4107933102,89522466731,1
0.021832315,10.4597152,1.060498455,3547855456,75852698471,1
-0.008800105,8.536496586,1.488635551,2238381378,45749307348,1
0.030950836,7.602182525,1.365850185,2505708540,51742802653,1
0.035027546,7.347178458,1.290703636,2733110752,56956876248,1
0.013166189,7.747300597,1.27784288,2807295892,58649633650,1
0.047146459,6.314156638,1.128950952,3228597288,68363833021,1
-0.047055197,6.62384742,0.97316396,3916904116,84674495644,1
0.083111061,6.422365921,0.96764821,3698986462,79095456376,1
0.092663415,7.324944394,0.943326134,3677950000,78384066551,1
0.087144644,6.5403032,1.033165247,3547056308,75726513435,1
0.053516043,5.439455846,1.135974763,3204206982,67768811010,1
0.016485506,6.067372774,1.054927589,3508692510,74869903004,1
0.07565095,6.496802742,1.259830524,2816312824,58872233988,1
-0.124769895,7.688690801,0.93997094,3957346692,85448506450,1
0.058597137,7.957988213,1.318655987,2695551434,56098480530,1
0.055697166,7.978750993,1.28518306,2813513084,58817709783,1
0.056759427,8.153545069,1.353845813,2567063762,53160985085,1
0.024617527,7.296137813,1.306150243,2682748392,55780273660,1
0.033843022,6.887690604,1.311778252,2688181798,55938438853,1
0.045144854,3.896450617,0.795056388,4185096830,90359228282,1
0.004048886,0.25541886,0.227372901,7588234582,1.72574E+11,1
0.003246787,9.428663051,1.475889412,2252349150,46047521139,1
-0.040220481,10.70276124,1.35620464,2541507142,52567104538,1
-0.016511432,9.411534524,1.416807039,2386766988,49061473121,1
-0.019819346,11.13241369,1.62731171,1922502444,38686215986,1
-0.033914442,9.247964251,1.442737893,2360748628,48526428641,1
-0.005428593,10.91744014,1.643286793,1879628040,37729866742,1
-0.016161621,8.738812085,1.413092751,2406944454,49526916503,1
-0.174852178,18.33023603,0.96248948,4120167894,89635299059,1
-0.026522528,9.768996832,1.425285551,2375073612,48802840138,1
-0.033465277,11.27149336,1.452851524,2316422792,47494563694,1
-0.06491086,7.517656079,1.368328177,2531732010,52364512227,1
0.001344432,9.866957689,1.357040756,2557587132,52953484608,1
-0.084724307,11.12757539,1.243460173,2847071860,59532138864,1
-0.082492875,11.88812922,1.456816228,2310942380,47383729638,1
0.045059349,13.26207307,1.440020604,2431542208,50204117481,1
-0.049188828,15.81005262,1.146149168,3136871660,66098099062,1
-0.025982636,9.757191894,1.493309655,2210734392,45110321306,1
-0.009846755,11.31211957,1.456430635,2303142860,47188740115,1
-0.026363544,11.6112775,1.347526938,2584926522,53570894319,1
-0.002672991,5.346138699,1.593815938,1979600662,39948021075,1
-0.001323174,0.136134707,0.707048481,5215245318,1.15642E+11,1
-0.022223957,7.481317035,1.609108783,1961986714,39575890886,1
0.027974548,7.424276228,1.525854489,2104430216,42702363286,1
-0.025368999,6.429690836,1.568763575,2017447602,40770073722,1
0.083164277,8.155657384,1.36430564,2468924374,50901528578,1
0.010486549,8.500134257,1.402002727,2377545178,48810214404,1
-0.006759697,9.272909019,1.600630072,1968262616,39697405095,1
0.015361878,8.812301192,0.936270546,3851046652,82704829166,1
0.006314588,9.790820352,1.666000689,1836466342,36777944319,1
-0.006735894,7.116535696,1.654094647,1871558518,37571581224,1
-0.009869587,8.389393534,1.589138342,1982979800,40014108209,1
-0.00638373,4.896689218,1.323555711,2614332414,54208009411,1
6.35E-05,5.962945769,1.62259854,1915721734,38521599846,1
0.001508295,6.669450105,1.472964425,2223680228,45366809498,1
-0.009232968,6.189180109,1.373474957,2467034292,50853971488,1
0.002018511,5.455739788,1.215146892,2905598302,60813584470,1
0.014137835,6.398611504,1.210418697,2943581684,61765181935,1
-0.002338428,8.506103935,1.615438512,1924403640,38710081835,1
-0.011832842,7.387323254,1.698597701,1778901674,35517416599,1
-0.008267109,6.417382694,1.302101161,2634493658,54638004549,1
0.000511872,4.489489631,1.313122114,2658710120,55213421587,1
8.80E-06,0.022273437,1.559902149,2041175956,41301307953,1
-0.119646125,16.85684723,1.456955511,2305403420,47249019291,1
-0.128471866,13.91733919,1.32106963,2744052334,57318962897,1
-0.031238578,12.59615944,1.480962433,2243489030,45852104969,1
-0.008259761,11.41732483,1.469021158,2278127498,46638704861,1
-0.268644027,13.58376623,0.701062405,5381284304,1.19742E+11,1
0.202591737,11.7843861,1.081085154,3370438920,71557629667,1
-0.101758756,11.3506658,0.786376711,4596653684,1.00536E+11,1
0.004925226,13.88820842,1.394678365,2454686254,50605013424,1
-0.013185708,11.04600906,1.523167463,2148539484,43722673421,1
0.006135071,10.83359491,1.518270871,2148408120,43705259991,1
-0.485384574,21.39464331,0.390399216,6636392154,1.49626E+11,1
0.092239187,9.913336735,1.271088831,2755192688,57413238800,1
-0.036336796,11.23171776,1.261070309,2788231824,58217101245,1
-0.029079264,11.13945525,1.561518355,2062384516,41803303448,1
0.016183628,10.53292551,1.486635175,2227503282,45496051646,1
-0.026177792,10.04092952,1.510468156,2171573728,44238292873,1
-0.025894682,12.84263994,1.547502731,2101752904,42681820704,1
0.010798648,11.01347645,1.564455927,2048941158,41483832769,1
0.058756352,11.3453389,1.338783599,2564646678,53067079737,1
0.029169728,3.040176543,0.992648601,3594929336,76630869671,1
0.00056704,0.100729512,1.524241544,2507207556,52303094431,1
0.105109146,10.76084336,1.255643055,2826665350,59122640726,1
0.018894578,18.08499315,1.544473549,2092079676,42452283553,1
0.146388675,13.41694024,1.216949937,2967777626,62422681484,1
0.009696476,13.2092929,1.369361912,2501511342,51660760149,1
-0.054732252,16.38234522,1.453240941,2344908876,48186013059,1
-0.002032962,12.69359752,1.41505408,2512842304,52019775540,1
0.144768751,11.44899967,1.166628943,3109265980,65652611436,1
0.025169244,11.87814713,1.375970942,2497738796,51581839730,1
0.068305613,14.48122704,1.451928617,2312189274,47395315176,1
-0.008468438,16.05254756,1.529637573,2128035410,43265132340,1
0.117484027,12.62997554,1.330301424,2611895592,54211293233,1
0.034629849,10.96995022,1.571773241,2032330996,41125632748,1
0.039079066,20.26635699,1.563256966,2080316416,42237689894,1
0.052518816,18.75328,1.609129492,1980838688,40007037348,1
0.034416287,20.88379823,1.667265581,1846370486,37021166682,1
0.028098588,17.15438073,1.636408375,1911657958,38465800930,1
-0.001439439,13.05615839,1.41251987,2408771676,49577005425,1
-0.055185716,14.38188213,1.297901218,2718146724,56662122227,1
0.067157854,19.4233653,1.517680646,2192910058,44760170503,1
0.01972529,8.856745844,1.228657633,3079652698,65069968505,1
0.000147834,0.106637632,1.385399798,3198525692,68627793060,1
-0.025131128,10.28917729,1.508996431,2212510084,45196219338,1
-0.027293505,11.18361488,1.440251799,2388154510,49164154250,1
0.000932487,8.674615543,1.577763514,2019872652,40849284729,1
-0.038263106,9.034318766,1.514159877,2165823246,44115933744,1
-0.002685866,9.23815591,1.091673648,3312306276,70091699160,1
-0.043917836,9.528382899,1.443769864,2389707460,49182368402,1
-0.038306415,8.705016601,1.569549696,2036502476,41223846697,1
-0.022307632,7.836041929,1.635564251,1900422570,38196133249,1
0.016642546,9.183491699,1.643890343,1883463582,37816206717,1
-0.031156232,9.275627289,1.63443733,1914052088,38519756537,1
0.003718703,7.851178491,1.635732676,1891268564,37985123042,1
-0.020649717,7.395701787,1.654679905,1858812942,37275148679,1
0.015628267,9.60310584,1.667331902,1831889654,36669517888,1
0.005016557,10.07996014,1.656245021,1849644226,37060051015,1
0.037200381,11.37453989,1.519163825,2140747570,43534015208,1
-0.011452101,12.22994304,1.607928629,1948987918,39261413992,1
-0.016843163,9.079355362,1.523277395,2138310750,43491978592,1
-0.001604951,9.708127837,1.63468438,1902846120,38249351441,1
0.033334824,10.64220542,1.619392311,1934282706,38938341415,1
-0.003526251,6.616351383,1.609802454,1929989252,38828590078,1
-0.000913271,0.083004275,1.282884594,3559385328,77048346697,1
0.030771267,7.062212907,1.519537086,2159677882,43976277050,1
-0.016015978,9.310287327,1.418680343,2437376982,50262229262,1
0.002360324,7.383020137,1.518706757,2142195788,43567457241,1
0.002323443,8.539976908,1.504459951,2180508254,44432372207,1
-0.014529199,7.513551143,1.350569371,2617685964,54398899981,1
-0.01514609,9.307475075,1.463652321,2334970698,47966663150,1
-0.015052795,7.215884584,1.266170833,2839587736,59451571513,1
-0.024264069,7.48306992,1.454529883,2295276126,47007123068,1
-0.012917605,8.966620602,1.475359111,2259732824,46224862876,1
-0.017686802,9.319397853,1.465959633,2282722128,46736098735,1
0.094121091,6.766036738,1.180125273,3094425174,65280128900,1
0.024171597,9.862397705,1.488473343,2207109548,45009356395,1
0.037805705,9.235951942,1.4395444,2364630374,48595301969,1
-0.002100429,10.04605676,1.441489489,2355969014,48390165137,1
0.001035099,11.18683317,1.341899688,2603614746,53986971500,1
0.010897098,11.12118691,1.470750658,2283717330,46760973303,1
-0.011405637,8.835531373,1.569872255,2041508558,41333854067,1
0.006802804,10.70441521,1.407077244,2426318404,49968312145,1
0.038106928,9.811883324,1.357145819,2566067574,53164254747,1
0.011238172,6.473899991,1.324052723,2666564470,55443198544,1
0.000593706,0.074632137,1.523242155,2365699232,48893121332,1
-0.016503252,6.192859058,1.402217368,2420147424,49831629360,1
-0.003414323,7.659057048,1.559320505,2080946408,42231436417,1
0.028995826,8.11178407,1.554057593,2059581440,41722836328,1
0.009176473,8.573856468,1.504853785,2181553582,44466169478,1
0.067859198,7.539834464,1.262498204,2788969310,58225273183,1
0.02681534,8.325314012,1.293733936,2722706786,56735390302,1
0.040044808,6.723760423,1.116601314,3258028340,69043822627,1
0.016443406,7.675694014,1.478967101,2263540830,46325416365,1
0.023683713,8.629581443,1.448442689,2332480222,47866750504,1
0.022995668,8.70887497,1.488228688,2249087786,46016672664,1
0.020835568,6.708398646,0.963585881,3899448524,84126805056,1
0.010292891,8.241478652,1.520633931,2175672302,44366818459,1
0.032685041,9.116675515,1.53836514,2114859856,42969309019,1
0.042199548,9.960402716,1.472801847,2270294040,46464041723,1
0.088099717,12.60216794,1.373619017,2546093690,52699957320,1
0.042439177,12.27852953,1.494736047,2251162772,46081258602,1
0.013940613,9.111445758,1.631640622,1913933190,38501279082,1
0.032836615,9.156598409,1.49658373,2204087144,44967801396,1
0.042233486,9.871177026,1.515209715,2185829044,44582975558,1
-0.000216876,3.496271713,1.289786501,2745814778,57221987397,1
0.001723973,0.148756172,1.558744136,2343711650,48461564445,1
0.008777695,6.991856357,1.116161332,3221297412,68093921502,1
-0.05584329,8.70218955,1.16299544,3106613216,65492311635,1
0.005021667,8.885898033,1.459478327,2284482114,46763238966,1
0.003181411,9.469598108,1.579236627,2034721950,41193959152,1
0.028341673,5.864223652,1.358401407,2531731390,52360695869,1
-0.003757976,6.568058111,1.511575375,2176178544,44352288781,1
0.047268069,8.066793539,1.386059309,2437314776,50191273070,1
0.00474648,10.42725804,1.640697035,1897243800,38135065317,1
0.007744461,10.66108126,1.560452713,2065700688,41877420400,1
0.038235898,10.30610157,1.488624399,2230784524,45580092694,1
0.035573673,8.79195076,1.558636076,2056682174,41668378336,1
0.027639837,15.35577355,1.65203002,1861108942,37322222889,1
0.051027662,14.75192343,1.61774498,1902864148,38219347945,1
0.083150431,16.52222428,1.580922408,2026850930,41025986576,1
0.030411941,11.98120764,1.703268467,1744019112,34718641217,1
0.029703114,13.12940279,1.579091713,2005723682,40521464394,1
-0.011557384,10.12285508,1.47358452,2257128972,46167178486,1
0.025890288,10.25921388,1.488994107,2230277104,45564857142,1
0.079161341,15.90828226,1.635728847,1895521830,38088666234,1
-0.009257523,4.8831701,1.49679019,2207997680,45059564024,1
0.000605371,0.091290912,1.45423354,2541318588,52801168646,1
-0.02549356,7.212498335,1.577091359,2024897582,40957298256,1
-0.007169021,8.220228494,1.651771606,1885988844,37899774717,1
-0.193772965,8.26586501,0.859119788,3832640260,81873409634,1
0.001250329,8.301300148,1.534659371,2108878754,42827744789,1
-0.001585694,4.832975179,1.485760691,2212037792,45131430212,1
-0.002029392,6.119240785,1.639262653,1883296138,37805023837,1
0.345802532,14.29733206,0.971843472,3887502458,84007100618,1
-0.003647353,7.506616107,1.61586577,1935729472,38974055312,1
-0.133865435,9.659946996,0.805821103,3954031416,84623639360,1
0.001478938,10.60433963,1.509162569,2181272758,44453299379,1
0.040466768,8.302738,1.323263348,2576415628,53318386144,1
0.029211267,8.451893546,1.627709559,1916200512,38544435729,1
0.057013424,9.985864268,1.077353451,3379520876,71942601550,1
0.008039486,10.67367625,1.496324441,2197049248,44804417467,1
0.041288145,11.07200063,1.533458378,2125045062,43204838167,1
-0.015095863,13.08306128,1.402074831,2442581740,50352442578,1
0.081762612,11.80956098,1.333642295,2610824952,54149400971,1
0.005839346,10.37307437,1.639685753,1905763660,38332205823,1
0.009316342,12.23746032,1.549010168,2088709400,42388291257,1
0.00269237,5.057501104,1.383432627,2483781502,51266748870,1
0.000358785,0.094266009,1.286995927,3259141958,69682243020,1
-0.044337542,12.22189338,1.461774431,2329723156,47844713381,1
0.007595218,14.89301584,1.464213134,2316911280,47532679018,1
-0.007921202,10.37391969,1.64512209,1883013212,37806096197,1
-0.037863903,11.73956463,1.525415628,2124410288,43168794770,1
0.017240826,10.36124534,1.331234804,2596916062,53824097548,1
-0.020399436,10.51654174,1.502520144,2180823336,44432751023,1
-0.003045035,9.316214216,1.532431087,2117214458,43020432296,1
0.001006456,11.87499123,1.557841937,2053586186,41587262640,1
-0.008441812,10.92176614,1.537360198,2105994830,42767544416,1
-0.009258398,11.44370013,1.565476582,2052779828,41592805317,1
0.021626508,9.143742191,1.454585109,2307804360,47306390885,1
0.001530622,10.2420625,1.497443827,2179906480,44403536642,1
0.035736459,10.9552017,1.371846655,2485579718,51298587185,1
0.00429751,11.30562445,1.462619326,2269016124,46411776870,1
0.017922731,12.57389393,1.404751232,2420064416,49837851911,1
0.036254739,13.00061804,1.480352753,2231435214,45573911111,1
-0.014165604,11.15835532,1.636608209,1903760404,38267830168,1
-0.009825069,12.22672961,1.584560153,2007569040,40573822660,1
0.030419891,11.66310097,1.502351276,2177255516,44355360296,1
-0.039721422,7.188466942,1.481128705,2204788606,44949518124,1
0.001664231,0.122724143,1.335441231,3272448372,70282231204,1
-0.020317453,8.398529971,1.414963108,2451200416,50612467209,1
-0.002032367,8.673774858,1.35991966,2557681190,52960741074,1
0.040454139,11.01588468,1.47272242,2283607850,46781023543,1
0.054262823,14.23543301,1.567336067,2039855076,41286862406,1
-0.049697921,9.147343666,1.294608018,2756299500,57477388952,1
0.028484713,7.49178686,1.484519795,2264405706,46362097533,1
-0.019080735,7.958278118,1.377190535,2507187644,51837720063,1
-0.002366801,16.24939952,1.354243958,2557137788,52920672308,1
-0.089055218,12.47587112,0.946024679,3819911236,82019034919,1
0.028184813,11.38618031,1.596790198,1982297732,40012578675,1
0.010532463,8.521103017,1.403441293,2447781530,50464091805,1
-0.079132792,10.84757489,1.193092408,2984250730,62712848128,1
0.020908704,11.16068113,1.518335515,2191492612,44731834472,1
0.040789136,12.55972188,1.614931173,1981492820,40039496976,1
0.022061626,16.49808332,1.615030375,2026543838,41111767998,1
-0.019960679,19.97032884,1.404702261,2448422128,50493009761,1
0.046100707,12.68461653,1.453360949,2323858226,47685451268,1
0.004375792,12.59814703,1.4281313,2394192438,49262403842,1
0.023208437,13.62036958,1.588639177,2044519284,41454217755,1
0.005811453,4.097380309,1.273410253,2766932132,57738964588,1
0.001131057,0.119530356,1.140163117,4128064390,90401579830,1
-0.036933432,11.9851491,1.51410187,2163539452,44051284945,1
-0.035316464,13.9804022,1.508419295,2172781360,44260712248,1
0.032324783,11.30191962,1.617796225,1933210646,38915893860,1
0.030263283,11.38984945,1.610843606,1938615468,39027082907,1
0.004286601,11.77523598,1.693850948,1799450928,35980889709,1
0.004061053,10.46699755,1.620769527,1940857246,39109711404,1
0.023355607,10.56080685,1.683420181,1809932796,36197425295,1
0.026658682,8.86553684,1.627521898,1917795098,38583809851,1
0.035496311,10.9183015,1.666056737,1841460832,36892847579,1
0.04877267,11.20553316,1.543662259,2081480314,42211104945,1
0.029465266,9.687469947,1.689193964,1786891334,35678650522,1
0.045296862,9.93503504,1.653046554,1860454302,37304518585,1
0.06444227,12.86781383,1.640979971,1882071590,37782161183,1
0.064277443,13.31755498,1.590045654,1977613000,39895383479,1
0.088326004,16.69643392,1.640058842,1893021634,38037012475,1
0.062200519,16.60747525,1.663503885,1836845412,36785248443,1
0.042672458,11.70306656,1.567075091,2032960332,41126362702,1
0.047770657,12.1398579,1.681767085,1819170732,36406055387,1
-0.024310919,15.20478072,1.377147849,2483954808,51270754427,1
0.004412962,4.210538586,1.560178985,2055324958,41636387492,1
0.00038758,0.073252922,1.07805986,3952745682,85892161630,1
-0.006954671,8.888115482,1.323782174,2651024426,55053300017,1
0.022268018,8.027451902,1.661466457,1855213562,37199968215,1
-0.004725913,6.763220118,1.611909758,1945189846,39181880289,1
0.006395615,8.103789501,1.586945692,2005730092,40541620582,1
-0.025299254,8.230920023,1.679376677,1818525694,36391196627,1
0.022738214,9.305178206,1.39441547,2479799456,51206147743,1
-0.048096247,7.308099383,1.58914414,2004915278,40522149156,1
-0.072136974,9.084554063,1.457990972,2317444666,47541964240,1
-0.024409627,8.036483672,1.589044022,1998701712,40385583172,1
-0.002305699,8.484218687,1.490195877,2220724932,45343950534,1
0.006115948,6.121375373,1.419564692,2383922564,49014525837,1
0.000666707,6.041305903,1.489622252,2210227066,45094928854,1
-0.002695756,9.38740841,1.492901046,2225196076,45455082833,1
0.042806945,10.58341242,1.425057123,2371324106,48723289096,1
0.021970691,10.25091548,1.51381741,2200101040,44925925869,1
0.050373602,12.00771049,1.483601115,2242761412,45850185879,1
0.014939984,7.095024236,1.656954816,1859043198,37276796063,1
-0.019701383,8.26068803,1.531920995,2128276028,43286631839,1
0.019503477,10.50584888,1.485418609,2252747718,46096322962,1
0.02942355,5.424108841,1.328819056,2619696874,54383130110,1
-0.000262367,0.104162846,1.531956689,2374846140,49047195187,1
-0.111932314,19.58511104,1.599702554,2091739312,42588708969,1
-0.036043142,22.21547679,1.61556597,2066656988,42052068496,1
-0.032238375,12.96915053,1.616033318,1957468656,39487331314,1
-0.039672758,13.27546131,1.596635037,1998412306,40398497467,1
0.036752116,11.43941109,1.477076491,2253745806,46110870847,1
-0.030732284,11.14750011,1.668732847,1862988864,37405796221,1
0.008906271,11.86547572,1.633319663,1903019654,38253082138,1
-0.024927571,11.819393,1.656255584,1862193430,37357547615,1
0.015712051,15.67400858,1.636173847,1906901386,38348942516,1
0.026399533,16.45367566,1.57935798,2011405292,40653142707,1
0.009346365,11.0420324,1.664490541,1823597472,36477366765,1
0.024915395,9.901014718,1.672237755,1813742374,36266833741,1
0.026066744,19.08611649,1.772685113,1628840640,32205806647,1
0.068710276,18.44828279,1.519985536,2120737454,43065679937,1
0.005387438,11.76981698,1.738671067,1701640162,33812313628,1
0.039219117,14.86392312,1.656190794,1829087394,36580034288,1
-0.033627611,13.3588517,1.597351941,1989338352,40186576302,1
-0.005633782,15.66958277,1.543465925,2096741334,42562793513,1
0.043385368,18.69442157,1.644191277,1868447254,37471264641,1
-0.003176559,6.791452611,1.542301274,2114545546,42984335864,1
0.000468171,0.126400367,1.280382386,3248277130,69382918138,1
-0.035417907,8.234773404,1.520027228,2144780206,43639119627,1
-0.029225785,8.58423784,1.572352801,2017260830,40779785941,1
0.002984538,7.589234397,1.586579803,2000703530,40423630535,1
-0.01050919,7.735333517,1.679249572,1813611556,36283635867,1
0.00290599,7.524931446,1.062421407,3331081202,70500339562,1
-0.010174745,7.371310553,1.652113468,1862570290,37359756790,1
0.006161834,6.840703337,1.538023438,2101106428,42655160027,1
-0.041511178,6.733916926,1.425469179,2350904444,48250879227,1
0.001250856,8.530184079,1.697371046,1776224964,35450910239,1
-0.012067076,9.037703889,1.505827822,2161102600,43997008531,1
-0.002325661,7.198421559,1.667842186,1849588680,37085342647,1
0.006916454,6.877453582,1.45889758,2296036622,47030841150,1
0.0372208,9.84757373,1.597764602,1972415214,39787210766,1
-0.017245412,10.80688433,1.471098424,2260405470,46231549583,1
0.049596547,13.08184654,1.640206014,1910564090,38436581634,1
0.047823133,13.34702536,1.618190199,1960698712,39555869607,1
-0.010852894,7.971509566,1.669822412,1845209854,36993774115,1
-0.021862257,8.622708342,1.549408039,2072562170,42021970833,1
-0.003261212,11.06193277,1.50374689,2183403420,44500703346,1
-0.020402262,3.70222876,1.367484301,2510409476,51863862133,1
-0.000294094,0.102761225,1.077939461,3204749868,67525833279,1
-0.04908971,10.58032095,1.161393546,3162157362,66935139086,1
-0.0138339,7.853490429,1.421027896,2384641410,49046584565,1
0.07688973,9.720727474,1.374100867,2477033606,51097975092,1
-0.005259804,8.810046556,1.381272392,2467447676,50885884822,1
0.041567679,8.78239322,1.328076873,2641849110,54885284041,1
-0.038009136,6.289522109,1.383348422,2471761072,50987980631,1
-0.000591973,6.359987048,1.413498065,2387476768,49078931153,1
-0.006271323,6.372919584,1.492354053,2210715138,45116552592,1
0.011955913,8.845624295,1.515856252,2167707768,44163423004,1
0.010680136,8.384525884,1.584243839,2019981872,40870017161,1
-0.004474692,6.179924954,1.457701259,2295884694,47028648250,1
0.016683361,8.179503905,1.545253783,2094708236,42523474341,1
0.004259679,8.400426028,1.427895749,2368186582,48656423618,1
0.050711225,8.586469705,1.495634326,2214649812,45213803539,1
0.045573027,11.37454966,1.457441159,2340743436,48072540245,1
0.082549566,11.55356632,1.101523118,3279113906,69398292429,1
0.04185538,10.06924368,1.340883672,2606467142,54089211593,1
-0.001764418,9.0783241,1.489169747,2212783474,45159312545,1
0.047040049,8.797775366,1.40511056,2431991856,50097224779,1
0.022377359,2.814583092,1.292737458,2874963066,60349742610,1
-0.002011318,0.1328205,0.925670513,4686162734,1.03345E+11,1
-0.011643717,7.663750337,1.426470464,2381210936,48965316285,1
0.031241726,7.662723665,1.513292999,2204699740,45029785608,1
0.032174481,11.64992182,1.45942881,2310864206,47388057081,1
0.03740379,10.81688454,1.461828542,2306949754,47303575096,1
0.025616623,7.567612637,1.619229845,1951663620,39347770626,1
0.019840614,11.19646054,1.521840145,2156439674,43911289509,1
0.028266783,10.16196987,1.50888522,2171567760,44228757752,1
0.055002581,9.830157471,1.446997751,2322980438,47650404289,1
0.000567258,11.88579631,1.525430681,2152656894,43836715762,1
0.013868601,11.44342737,1.404325527,2434315694,50158053352,1
-0.023719481,8.1792204,1.17628397,3097396972,65421585927,1
-0.044697494,11.96190113,1.24934604,2926510134,61492184706,1
-0.017255393,12.121556,1.481997873,2259997098,46254690896,1
0.017193098,12.30915414,1.363247982,2549054688,52762425361,1
0.021721476,13.31794246,1.43928352,2382640476,49028939100,1
0.037297205,15.17872728,1.452360398,2320184160,47589791197,1
0.025748499,12.56258917,1.474259541,2270114606,46459434328,1
-0.002725592,12.19632734,1.477728945,2259401684,46225344386,1
0.09106895,13.7883453,1.29655013,2719554350,56636163901,1
0.004730005,2.897646659,1.371813463,2497282660,51580905121,1
9.34E-05,0.062510033,1.481127791,2469499332,51163056312,1
-0.06664859,12.05199413,1.448577379,2317836510,47520239857,1
-0.005392284,11.13721279,1.555287712,2078882716,42175886078,1
0.022083188,11.16360716,1.589179746,1995255228,40301461233,1
0.043147693,10.57532723,1.507752239,2168213760,44155096931,1
0.017225577,9.404781349,1.441995903,2337851722,47984268064,1
-0.036732091,9.740615446,1.437927303,2377255096,48913651492,1
0.044016542,10.31628661,1.245626859,2815460938,58824895447,1
0.052655827,9.294926704,1.454085868,2272483618,46471968187,1
0.003035574,11.69982555,1.573494578,2032528922,41132222213,1
0.008200823,12.1060703,1.560780326,2059924530,41739285738,1
0.004222331,9.019978208,1.55846548,2063741648,41828364215,1
0.014740156,11.8035324,1.676310853,1792183686,35772374672,1
0.081560627,15.33141238,1.468323883,2239737646,45732710866,1
0.024301684,17.91128006,1.610054729,1924574226,38702018817,1
0.124791035,19.28849233,1.597704616,1920535688,38573927002,1
0.055186111,21.12456732,1.736964142,1651690558,32655532180,1
0.009084654,11.12815011,1.631134888,1910652166,38421440586,1
-0.003989233,12.78381309,1.568838075,2033591976,41147130782,1
0.045116685,16.25562701,1.537801346,2068568110,41893149353,1
0.004500655,5.334494681,1.564863484,2051988378,41566515537,1
0.001421047,0.116550868,1.279960604,3299676754,70700692976,1
0.00951799,5.438465097,1.609763578,1942432482,39114454311,1
0.007617623,5.937625518,1.522904172,2132280666,43349775324,1
-0.023824509,7.092013758,1.49005173,2194353564,44725637580,1
-0.004786019,7.106706334,1.578059388,2014548632,40719520790,1
0.005973784,5.37697134,1.452777859,2319253718,47555732245,1
0.014380411,7.454579111,1.561327823,2047108924,41442365335,1
0.011828021,8.496842828,1.514300764,2151679052,43783240661,1
-0.077784414,8.776998776,1.276593793,2751164146,57334741433,1
0.013961959,9.679967322,1.537202595,2102567058,42688438380,1
-0.024368886,11.10866959,1.531449834,2114460368,42955779335,1
-0.002475698,6.389274815,1.604333834,1968290636,39703042200,1
-0.039703838,5.661525229,1.33854161,2556768460,52887857649,1
0.01728529,10.15360721,1.527893344,2141557590,43584732758,1
0.008190692,11.87925413,1.61680239,1962202622,39589429493,1
0.006208003,10.83636273,1.460289989,2293246888,46986256782,1
0.010778156,10.14770083,1.570130237,2039999306,41297835860,1
0.005903635,8.270046079,1.581129893,2002593062,40449032453,1
-0.011556811,9.147870102,1.559726203,2059024720,41719629706,1
0.024807735,12.02088163,1.582174466,2026158960,41007275055,1
-0.022231744,3.86650809,1.364642241,2518251762,52052951234,1
0.001234606,0.094823007,1.080425002,4067517996,88698114842,1
0.004470834,9.558119733,1.666339247,362452068,6687636038,1
0.000700653,12.4677353,1.799367582,315929500,5742103326,1
0.019764933,7.841271877,1.534625724,404417170,7538591554,1
0.054947789,7.744404987,1.455697396,446735430,8426597760,1
-0.019462212,7.988578667,1.413871793,462207944,8746178531,1
0.071692341,8.3818002,1.212333409,580759186,11265988987,1
0.030338072,7.30854103,1.653987261,359163446,6613245408,1
-0.024583666,11.32038332,1.707277186,343343522,6292935563,1
0.024692135,8.489221653,1.659106818,361354556,6659668605,1
0.025209977,11.70754235,1.716350797,338621322,6196513721,1
-0.00458227,8.659360843,1.664162495,366772976,6779169314,1
0.027037189,9.22091097,1.536513472,408296208,7623918309,1
0.049937207,9.825544848,1.33402938,518529768,9936334247,1
0.03764568,10.23866091,1.741481506,328724386,5992476138,1
0.051423469,8.945556054,1.539021957,407872776,7615405534,1
0.034183743,9.162395578,1.608893133,386382018,7180871336,1
0.014271833,9.174466344,1.679815474,349496214,6414528557,1
0.035312677,9.306185071,1.585796529,389320414,7235090179,1
-0.022104827,11.63493393,1.597529971,382872856,7098806444,1
-0.03059531,4.760024621,1.625767393,372679548,6890669823,1
0.000456074,0.098555599,1.531482369,532180332,10386669826,1
-0.021693301,9.524738294,1.695652981,1776434966,35454116430,1
-0.007651807,10.19988006,1.643908788,1879920242,37743551424,1
0.007704277,9.533027653,1.646499892,1879876502,37741409401,1
-0.004398236,10.09514461,1.622504452,1928658258,38822973984,1
-0.005337078,8.903989162,1.522697535,2166265400,44136586761,1
0.032730226,11.23873072,1.228147932,2901100372,60815665847,1
0.00677084,8.134866075,1.622834327,1925341258,38745163170,1
0.014378953,8.735253227,1.480264681,2227958060,45497550602,1
0.014624945,10.9988281,1.624958285,1938312076,39052421521,1
0.041744264,11.28537278,1.498975113,2197892602,44835389562,1
0.09644467,8.609895256,1.361489615,2504152954,51721627815,1
0.030422263,16.33440984,1.649669778,1872575888,37577104297,1
0.01805125,12.15049741,1.629850075,1925866736,38771265847,1
0.017958194,13.82624649,1.572645769,2031984728,41114382499,1
0.037453357,12.50163933,1.534962771,2103583202,42703670467,1
0.019032848,12.26055658,1.640222001,1897007992,38131986273,1
0.001832172,10.11300742,1.710261437,1756118328,35010782833,1
0.038060432,12.19816597,1.600822333,1993634738,40296431662,1
0.019083578,13.03033127,1.58224521,2022627108,40919966318,1
0.011931222,5.694909447,1.424907002,2326271524,47655014100,1
1.79E-05,0.115038388,0.973049591,4684604404,1.0351E+11,1
-0.018357136,8.926975976,1.37529828,2490831570,51418881666,1
-0.024480667,9.486503005,1.621517696,1931005860,38870793622,1
-0.022052831,9.003102651,1.617855403,1938922938,39051504044,1
-0.025847831,9.790402091,1.50010365,2185883626,44547566945,1
-0.009631653,9.952570006,1.479818784,2221550358,45333317495,1
0.026398927,7.982086546,1.593778806,1985701414,40084943583,1
-0.013321854,7.289577066,1.583824126,2010152918,40641689281,1
-0.083431776,8.057830251,1.231133072,2853319062,59690952602,1
0.023469086,9.22343237,1.580692018,1995737438,40293598664,1
-0.003509045,9.121488001,1.680845198,1808281726,36158070396,1
-0.003120793,7.393454755,1.643425164,1885781608,37868407443,1
-0.009751562,10.69349041,1.343599115,2570070480,53222325693,1
0.054640386,11.62792866,1.588809683,1999594642,40398954220,1
0.005415298,12.62172699,1.660556526,1843390376,36924708778,1
0.070915566,14.31904481,1.623563392,1913573626,38477331585,1
0.038753453,12.06599808,1.668312985,1831551644,36667586721,1
-0.011195154,9.154961082,1.636925625,1895284204,38078989920,1
-0.00830131,9.476454619,1.703975798,1765656546,35220540390,1
0.012264292,11.89605198,1.63957961,1888012212,37916907534,1
-0.012643678,8.190244142,1.487974088,2194651882,44727918993,1
2.75E-05,0.049496765,1.259386605,2944961894,61896761941,1
-0.015862788,9.525815143,1.519072321,2189697786,44685760049,1
-0.053042696,10.48496447,1.403154427,2407783278,49528818596,1
-0.026291671,11.96570941,1.574983388,2025896108,40985336002,1
-0.049434781,11.12548805,1.486885409,2212508242,45148899927,1
-0.02793325,9.23762048,1.542396253,2138573584,43543712759,1
0.030942629,10.18099455,1.383727853,2479880594,51190540399,1
-0.053450475,11.91717831,1.433510818,2344001626,48110997894,1
-0.01349947,8.887806267,1.504933742,2179262012,44410794928,1
-0.067940258,12.09361313,1.500941595,2175152962,44302921710,1
-0.024491094,12.02540705,1.384538456,2449761350,50481105545,1
0.018973284,10.47381743,1.411389962,2396475022,49293231607,1
0.002327731,10.62533619,1.383290427,2468227942,50903716586,1
0.039686281,14.22066416,1.508869115,2172696744,44256029234,1
0.002087555,12.99443259,1.502718554,2204043194,44982757509,1
0.056384408,15.40589023,1.5866818,2007981830,40589968035,1
0.056461412,13.08903148,1.464342615,2272503208,46497534491,1
-0.039455625,11.6535438,1.556337146,2068352784,41941631502,1
-0.056964892,12.0733322,1.370374427,2478608310,51133036453,1
0.011537291,14.45312986,1.511847966,2181418178,44473593054,1
-0.129074262,7.567012817,1.008622173,3618878050,77382828405,1
0.000389079,0.087332312,1.470932148,2897611378,61647947242,1
0.007885036,7.919906417,1.34827258,2568720838,53182111452,1
-0.037188501,8.085019874,1.318915171,2642183514,54862780331,1
-0.021815121,9.94140677,1.317156019,2668910096,55511118882,1
0.020071734,10.16953607,1.398014303,2433310478,50120404089,1
-0.040341336,8.051362588,1.171086873,3080586668,64942522630,1
-0.010996028,8.685371383,1.25972686,2801498728,58531879114,1
-0.033831257,9.51521013,1.300272654,2714041950,56516617475,1
-0.032652193,10.03021365,1.439267961,2371460820,48767559518,1
-0.036032493,8.660425939,1.337861911,2579264644,53399372268,1
-0.041785592,9.231297588,1.345832647,2584544610,53545033105,1
-0.018226617,9.280842925,1.310672185,2721601950,56751030150,1
-0.017011163,9.150126446,1.546083165,2098555330,42612243766,1
0.0306749,9.18077931,1.286718751,2737367184,57023763837,1
-0.0582859,9.094546074,1.228110316,2879344036,60225953564,1
-0.02552192,10.1797644,1.32945454,2615165952,54273845036,1
-0.060883066,10.24525456,1.272902986,2761956514,57572259608,1
-0.021507285,9.944588266,1.435907038,2362869700,48557919369,1
-0.021917693,12.0685074,0.850606408,4227067674,91598670671,1
-0.054594024,9.520982914,1.24416069,2842612852,59409844706,1
0.034350285,6.379762778,1.18509762,3003773666,63072834179,1
0.000335146,0.116102975,1.288583218,3338544262,71693455623,1
-0.191799083,16.13005264,1.3786065,295969132,5495425640,2
-0.302717132,12.40943107,1.403192633,290176560,5380717888,2
-0.209628644,12.94145374,1.561520264,240857360,4366901648,2
-0.137823986,12.31771525,1.610418046,228637600,4123812783,2
-0.184285584,12.98193759,1.502773712,253456498,4618626356,2
-0.192445909,12.64387727,1.520281702,249027792,4529962928,2
-0.06430412,11.58763327,1.552234449,240967820,4367458670,2
-0.054975356,13.32447876,1.467679602,267030046,4897854840,2
-0.159275734,11.66475169,1.654227869,216976230,3886446743,2
-0.150264536,11.48763468,1.731375581,199241034,3534439265,2
-0.049562831,10.23152041,1.454459293,270270330,4967018011,2
0.104950768,10.84918211,1.538652413,243556078,4418146624,2
-0.00672122,10.63551519,1.387515864,286900998,5301390378,2
-0.043999272,11.41968967,1.443012356,269986554,4956158112,2
0.01126849,12.85498302,1.603503051,232044230,4192569341,2
0.128001464,16.6605217,1.541663225,252703094,4616153858,2
-0.121452335,12.38654589,1.597866226,231073842,4171494028,2
-0.25426886,13.32536689,1.40688779,274922416,5050244195,2
-0.050648008,10.88142472,1.481240219,261930018,4794787848,2
0.06026836,7.969585483,1.417874591,283943364,5246969030,2
0.004680659,0.161334523,1.469673245,284526406,5268944024,2
0.126749363,13.93299741,1.570375758,244740940,4456774095,2
0.116621256,10.56483254,1.491158421,262403744,4808666760,2
-0.104933047,12.02034091,1.474289107,270357482,4975139318,2
0.156469311,11.11987351,1.464471592,261102224,4771271887,2
-0.05829049,15.2950254,1.712582718,214239050,3847321787,2
-0.126721831,17.66718184,1.624869156,243627440,4449886859,2
-0.780931528,12.48860874,0.925695688,432264370,8290838702,2
0.005722521,12.81527645,1.691931552,213018310,3811536785,2
-0.119012837,10.94982648,1.424299715,274612366,5051254020,2
-0.394489267,11.57793736,1.299753382,309628146,5764708440,2
-0.0536492,9.318690683,1.378637352,288753378,5340350790,2
0.025606722,9.063756348,1.539701881,244764518,4443716146,2
0.166862875,12.67053529,1.546122056,246128822,4473335560,2
0.527299172,21.27488688,1.031007888,409610336,7836031618,2
-0.215487627,16.39692036,1.052393458,440700246,8571692827,2
-3.141971231,50.71939588,0.426362041,805192550,16497467629,2
0.057519523,13.08453509,1.571965871,242563746,4407620537,2
-0.153677071,11.23958954,1.479857214,256100994,4669332898,2
0.525131735,21.620874,1.183004921,372152170,7078029211,2
0.115440913,10.9010419,1.581552489,244376756,4449219758,2
0.000984977,0.144415929,1.129883799,387056720,7380814103,2
0.030679906,7.999559941,1.539041361,243514018,4418817213,2
0.029621523,8.60642979,1.602114614,229488660,4138274384,2
0.006584212,10.11465583,1.742457325,196609126,3481242345,2
0.017082749,10.75117944,1.65435842,217226934,3892989288,2
0.020668474,7.203629696,1.65950989,214557460,3837733470,2
0.102900337,9.29780329,1.451947061,264261852,4834096768,2
0.032479677,10.43672179,1.58716296,232194260,4191233676,2
0.016371396,10.60069245,1.720262041,202542650,3601062388,2
0.016892835,10.74060356,1.688667876,206184518,3668278447,2
-0.028148671,10.4247979,1.761831949,192716508,3405671367,2
-0.036490278,8.303257634,1.668450756,213472968,3817974450,2
0.020330778,8.715614935,1.66722177,215127464,3853076640,2
0.033039956,10.69860826,1.692872815,210026360,3751291722,2
-0.011024788,11.01088432,1.674131442,214770218,3848534221,2
0.070928074,14.73833486,1.608303472,224459678,4033417898,2
0.051853363,12.1980632,1.521814331,248890168,4527768251,2
-0.00923582,10.44984095,1.721360444,201131930,3571718817,2
-0.018326239,11.42907725,1.765574667,191344108,3377610305,2
0.055532538,16.67684236,1.74642808,197470834,3500859437,2
-0.027071508,3.307839922,1.401106937,279455294,5145328577,2
0.001345891,0.08321483,1.522025104,264905820,4867911408,2
-0.09519788,10.16008997,1.64688719,223492050,4023786019,2
-0.071470746,10.60326586,1.009812202,432405052,8340965082,2
0.014450518,7.779858575,1.692446527,208325214,3714368542,2
-0.027686445,8.360193203,1.565065594,236264740,4271004884,2
-0.11676931,7.505598928,1.651054105,218771358,3924612600,2
0.000301757,5.93726642,1.690463064,209507860,3739162631,2
0.013441089,8.372891329,1.682978025,209221244,3730790303,2
0.017064858,7.159653132,1.685578434,210789392,3765824717,2
0.014172747,8.307850011,1.622838992,225121856,4050781738,2
0.024329578,8.88047621,1.639396909,221321002,3974854837,2
-0.013715016,6.347071551,1.666717067,211623134,3777752540,2
-0.015930513,10.26471448,1.533247603,245509022,4458797033,2
0.101619426,8.779925591,1.456926031,263027178,4811429438,2
-0.008452658,9.0347135,1.66865277,216301698,3877441445,2
0.016909183,8.840431092,1.473422767,260278308,4756920109,2
-0.016768929,10.78724815,1.636955714,225158004,4054753591,2
-0.002612668,8.06363207,1.684364645,211726608,3784485283,2
-0.011271972,8.557455912,1.692720747,208812306,3725082692,2
-0.056185809,10.19255928,1.808404459,185114346,3259297242,2
-0.027833277,10.74649925,1.529271327,249316654,4540728569,2
0.002423334,0.070438251,1.276407297,381892046,7343754847,2
-0.02498296,10.54988384,1.760013169,194257922,3437407375,2
-0.225625592,19.34349964,1.649631646,221980024,3991040036,2
-0.034182844,12.56227961,1.769328594,191813120,3387377078,2
-0.09082014,13.41890986,1.691071055,208454218,3718556513,2
0.019449715,10.47552481,1.582128208,239376788,4341178186,2
-0.021641918,16.91543359,1.723276338,202354932,3597746113,2
-0.032577248,9.923928637,1.654291179,215466370,3854878689,2
-0.084847222,12.99546348,1.712817765,203677328,3622952681,2
-0.007850828,13.57707717,1.611634454,225081668,4046765661,2
-0.043734628,13.10197647,1.562698431,237736594,4301472458,2
-0.043371628,9.776671832,1.721500946,203381806,3619300866,2
0.018985598,14.07091506,1.687057362,213808750,3828794501,2
0.051276086,14.10934684,1.728728479,200929806,3568878008,2
0.138889142,13.40901127,1.313940133,305873290,5690945295,2
0.098593368,12.86642958,1.558693381,241561878,4380695066,2
0.200716948,13.10058078,1.546245297,243475534,4418394995,2
-0.015382516,13.16752055,1.786309462,189251786,3339111130,2
-0.115283745,13.13230597,1.540652767,243651546,4422738511,2
0.147383378,12.50690879,1.540456688,243654544,4420525088,2
-0.126562071,4.222030296,1.360103765,289531706,5349374342,2
-0.000228988,0.137106072,1.459808719,334311942,6375246070,2
-0.03972734,17.76501065,1.675786279,215016288,3854460048,2
0.201301583,14.24534874,1.543932099,242730556,4402275819,2
-0.018814847,10.57239026,1.588947612,234795276,4246439759,2
-0.109611286,10.33781111,1.669486568,214515940,3838800415,2
0.057863708,14.25338886,1.728794718,199968418,3549363833,2
-0.032647723,8.68666107,1.624403037,223034006,4006509849,2
-0.095473225,8.963417644,1.636516623,222420334,3997156015,2
-0.255444394,9.78881372,1.356790159,302472766,5634665463,2
-0.04062313,9.35988609,1.585072627,235496142,4262083270,2
-0.068894082,10.12349013,1.709294332,206143772,3673122705,2
0.021577049,10.54200746,1.864409279,173733404,3034248510,2
0.130333307,10.63956423,1.568845317,240117020,4353878546,2
0.038135088,10.56909235,1.656838779,221215572,3979664853,2
0.214420217,14.33817196,1.506691226,258522584,4730333761,2
0.203632631,15.00347682,1.66593465,214064000,3830385776,2
0.134210677,16.34758849,1.703802644,206872910,3687752362,2
-0.0369933,11.11463297,1.619588296,227581644,4103293361,2
-0.010675496,9.861966808,1.681960828,212774934,3806342197,2
0.110800029,15.22514935,1.591077897,231763478,4183807165,2
0.036586008,5.058720362,1.568548134,238967270,4330451078,2
0.003163177,0.178022409,1.501871149,286125652,5319482093,2
-0.023523496,13.70919077,1.677200707,219586048,3948118828,2
0.025585805,7.849541624,1.716120979,204849982,3648081715,2
0.019360283,8.179561564,1.58975357,233521682,4220160039,2
0.017334619,7.20011511,1.632843264,222235390,3990946265,2
0.023939526,7.709838187,1.82602739,178313250,3120906254,2
0.060495405,7.040070404,1.597785557,231105014,4169333325,2
0.003622677,5.475713785,1.656294125,216145756,3869525699,2
-0.058594434,5.981565502,1.621692433,224159700,4030585879,2
-0.022418617,6.823333004,1.741185289,199354330,3539952187,2
-0.039505387,6.44001599,1.652929436,218006488,3909362818,2
-0.052353933,6.235639643,1.683391306,210740238,3763199698,2
-0.024526341,6.614852541,1.641514069,219301068,3933196095,2
-0.071443928,6.922679082,1.683741245,209397952,3735900283,2
-0.04576992,6.42532976,1.604754975,228200900,4109938807,2
-0.031305877,6.114872799,1.645315292,221492424,3981528235,2
-0.022915355,6.910462281,1.712523768,205008622,3650820121,2
0.011929363,7.377290045,1.598298244,230755424,4162346423,2
0.085563102,7.134136795,1.531003292,246241392,4472350255,2
-0.05220437,6.155103146,1.646264263,217547132,3895894595,2
0.01018457,2.41807413,1.622532134,223555980,4018018730,2
0.000510182,0.143981102,1.53344743,252337566,4604124083,2
0.004151283,12.27291935,1.562339037,243830828,4430905840,2
-0.032372136,15.23341594,1.844621293,176564098,3089467019,2
-0.065970757,9.409254101,1.750188606,197789698,3510355720,2
-0.048853667,9.865550377,1.675243275,214292744,3836968653,2
0.065555702,10.28099245,1.490155701,264673828,4857752216,2
0.081167087,9.092333955,1.618558541,226683096,4083552037,2
0.090945374,8.923354106,1.420937292,279225514,5146205707,2
-0.001209136,8.899864697,1.572926307,238244084,4315490734,2
-0.07342299,12.3049061,1.440868763,277732910,5123112896,2
0.013196376,10.46745207,1.538747547,250915922,4574866332,2
0.026171452,6.124528476,1.662969379,213304488,3812004881,2
-0.018212437,7.674812323,1.636754871,219341180,3931540077,2
-0.067551988,11.08356771,1.622212636,225298462,4055688562,2
-0.034867651,11.80400265,1.482082811,264001528,4838134762,2
0.267831658,13.4682861,0.976605188,438698336,8476504283,2
0.025576824,11.04153994,1.534567012,253319510,4623862703,2
-0.095400584,9.564252198,1.660715971,218572318,3923921456,2
0.007667816,10.59494465,1.666593174,218475994,3922346135,2
0.054522608,10.83958032,1.444426369,273146160,5022654026,2
0.019021989,2.879160859,1.631270272,221950686,3987038815,2
-0.001498075,0.06059493,1.431745533,298312248,5561046137,2
-0.115177741,11.42561317,1.499887765,249955768,4545087899,2
-0.018191581,12.00580394,1.787212305,188172254,3316656453,2
-0.05415463,6.897913634,1.760220836,198226570,3520753466,2
-0.026347438,8.630871275,1.795655738,187096896,3296761890,2
-0.031717591,9.001524084,1.659940502,219903242,3951716351,2
0.089919397,7.593950815,1.674265726,210020250,3744759806,2
-0.038178285,6.629206142,1.671163597,213285464,3814899299,2
-0.018954371,5.483285302,1.683006045,209398002,3734321277,2
-0.049682756,6.684765407,1.687461717,210586022,3761072192,2
-0.034502469,6.468554254,1.63413355,224395310,4040816904,2
0.02759429,7.798241586,1.709120144,203200372,3611528347,2
-0.02297472,8.357474791,1.694411273,208642790,3722210068,2
0.048424155,6.756106897,1.651768314,217530602,3897995263,2
0.060873728,7.109462141,1.741514574,196210176,3472789204,2
-0.015233652,9.68185174,1.752606969,197904826,3512045177,2
0.081192747,10.28175472,1.412554678,274178650,5036659551,2
-0.056292912,7.063045716,1.732896337,203444044,3623429793,2
-0.03468624,7.64461388,1.483747861,263590466,4830369264,2
-0.013606067,7.040611312,1.76234727,194194156,3437800207,2
0.071429078,5.227489567,1.581730201,236305330,4275420094,2
0.004255991,0.200540466,1.386745635,359618580,6910299416,2
-0.13291594,9.32781255,1.408927657,280736850,5176369430,2
0.063813176,5.57770487,1.574472868,235006750,4246196797,2
0.035616907,9.18040458,1.649822135,220781680,3965501781,2
-0.038713756,8.527542304,1.641082278,223432992,4020035280,2
0.118341489,9.960146145,1.481075463,258502784,4719526429,2
-0.054704533,6.542643195,1.524252832,252180550,4598767633,2
0.027664607,6.996613542,1.589691199,234870574,4246992186,2
-0.031898886,7.336691869,1.687173346,211900810,3790016945,2
-0.012832618,8.84859991,1.735669656,202488296,3604235040,2
-0.008752545,10.03832625,1.435614694,277180478,5104548336,2
0.033410906,6.538817702,1.668563119,213279782,3813508029,2
-0.057541965,7.026495194,1.244458837,339751326,6406939921,2
-0.04997688,9.220928571,1.673329357,214287300,3836555192,2
0.023249123,9.365902917,1.584922125,236113874,4273754907,2
-0.019061396,8.981407857,1.634457349,226152690,4076558301,2
-0.007932283,9.203893302,1.626746168,226642650,4083215099,2
-0.093309012,10.09112673,1.593506693,234587366,4245137157,2
0.004770171,9.859019184,1.677974736,212969784,3809142590,2
0.007434993,10.04435155,1.562349191,241388350,4379540780,2
-0.02452989,3.361981916,1.688308807,211595768,3782896900,2
0.00206498,0.148465704,1.258441543,405076224,7854016730,2
-0.151668383,9.165364018,1.545723878,242303632,4394594970,2
-0.037040774,13.22207792,1.822576495,183257932,3222579947,2
-0.112803102,8.963438835,1.552879407,238806864,4322966586,2
-0.076440421,8.778537297,1.784810342,191512078,3386354218,2
-0.068759752,7.942131141,1.389072572,292561876,5425049050,2
-0.07549866,8.556340305,1.655396961,215402512,3854482394,2
-0.0525305,6.563964752,1.530236789,248389370,4522405676,2
-0.118417009,6.968837847,1.536141537,243368570,4414664524,2
-0.044598359,8.685182338,1.729963103,201414960,3579141299,2
-0.027623531,8.377471541,1.76678209,193958598,3433036454,2
0.030823422,5.606210864,1.674827607,215870950,3871442711,2
0.008627606,6.652790485,1.529336443,245075190,4447876152,2
0.02208337,10.2317733,1.510849057,259363474,4748558357,2
-0.001302686,10.88450212,1.655162137,219320692,3935995637,2
0.060628689,11.58120071,1.502471784,264634666,4859578240,2
0.062681443,11.86490984,1.656621186,225077208,4058009603,2
-0.123441523,9.725127266,1.705907469,204903834,3645693479,2
-0.017296645,8.891023254,1.802024279,185050218,3254704036,2
0.040309995,10.80317311,1.562296129,244207290,4439283484,2
0.03704539,3.340529382,1.632760564,225027024,4050894985,2
-0.004247749,0.169510153,1.241174546,417717306,8131399844,2
-0.055055489,7.052618206,1.238428797,358270460,6810348216,2
0.103594524,6.548861064,1.423264172,273639506,5028492648,2
0.040037038,6.639469176,1.583885507,233492292,4216034773,2
0.022483437,6.36880414,1.808697977,186359030,3283022887,2
0.11471041,5.547015347,1.506298904,251724708,4583192884,2
0.027801988,6.277945312,1.680277138,216706742,3888410289,2
0.014380184,5.472966212,1.589009298,232741988,4203496177,2
0.046777888,6.910967503,1.025218765,426482330,8226935058,2
0.032490623,6.158374653,1.53975039,246330978,4476623212,2
0.0603036,5.946496437,1.502968291,255158308,4657029514,2
0.065704228,4.539182955,1.420484023,280181774,5166045899,2
0.020748661,5.870590251,1.479819217,262100376,4795505549,2
0.033001554,5.919214975,1.450591141,271278850,4984284499,2
0.037886201,6.34428146,1.510955565,255753124,4669875947,2
-0.041147619,7.204194523,1.451853489,276619796,5100401961,2
0.110031581,6.857742274,1.449568797,271694074,4993509260,2
0.013302596,6.933763538,1.730880819,200887624,3568517909,2
-0.004142812,6.29330026,1.609039868,230006790,4150213804,2
0.033210126,6.404638603,1.468314326,266399218,4884382992,2
0.027133817,3.166961604,1.395251976,293233574,5441971462,2
0.004400239,0.160435607,1.091695644,486320888,9599993892,2
0.053182132,8.543159482,1.744857408,196605458,3482279990,2
-0.012336334,8.460112429,1.739347141,198021162,3510803137,2
0.107637499,8.951053271,1.644578835,218357316,3913498183,2
0.028553923,8.790903073,1.679290841,211451874,3776387123,2
0.029395452,6.738287566,1.735297751,199667194,3544349075,2
0.046979386,9.880213245,1.78518474,187432846,3300376481,2
0.059638631,7.965596423,1.700181169,206575746,3679896951,2
-0.036855197,14.64640696,1.749402704,197939452,3511519582,2
0.151758337,9.867359948,1.617720755,224169874,4027619172,2
0.052883387,12.1914067,1.661150635,215534826,3858808121,2
0.054355862,8.008027129,1.768577564,192438826,3400552327,2
-0.021509277,11.54089332,1.612848583,228937588,4130293009,2
-0.068914487,15.11181343,1.75229022,194719788,3443702361,2
-0.024924073,15.07688155,1.64306776,218970292,3925042656,2
-0.018880356,17.55834087,1.695281411,204681976,3637821005,2
-0.104522947,17.56979102,1.575558358,235736990,4263040415,2
0.119195038,12.40080725,1.67878492,210115640,3748563499,2
0.121963266,11.30928442,1.615772565,227195186,4090999208,2
0.094116982,15.14564884,1.65705974,214841270,3842768106,2
0.032314825,5.139692979,1.682526532,212798860,3805730684,2
0.003418923,0.124996498,1.49149696,280250922,5188141924,2
-0.21968392,14.68688972,1.592801496,233975068,4229580948,2
-0.263312048,10.85190243,1.61704333,225942716,4067153437,2
-0.112140213,10.41185803,1.714223582,204959880,3649947994,2
-0.129322197,9.839173985,1.721062157,204652422,3644985689,2
-0.011819799,9.243904896,1.722428412,206690746,3690166164,2
-0.17023045,11.13804507,1.674334715,208648316,3715964600,2
-0.02472026,7.788509831,1.689047064,211932530,3791275659,2
-0.01320326,10.32851585,1.813634211,183143872,3217665335,2
-0.038946187,8.439289392,1.569471475,239760574,4349807349,2
-0.026064419,8.730967811,1.789277312,189275730,3340743113,2
-0.059195452,6.102188126,1.576877502,234947612,4246143019,2
-0.019865784,6.402423354,1.773212506,190669254,3365715249,2
-0.045294449,7.083326447,1.7110748,205861128,3668443265,2
-0.042454866,6.656476907,1.694600239,209306292,3737518606,2
-0.047268944,5.981783899,1.744225396,198912658,3530528014,2
0.040565306,6.387620952,1.519054006,249997670,4552997021,2
-0.109146136,10.8851549,1.645267602,219981434,3948596679,2
-0.073810492,8.468920773,1.64574656,223558108,4024564311,2
-0.047712712,7.044464399,1.645635184,217290182,3890833858,2
-0.027606784,5.539926389,1.582195886,233845034,4225233672,2
0.002627974,0.080842759,1.352779079,319945986,5995627779,2
-0.163349046,20.91296431,1.659714453,226133876,4081364388,2
-0.301903923,26.16392178,1.328592408,386471486,7476690765,2
-0.195224065,13.59237615,1.636566833,232068626,4203313267,2
-0.170177006,14.25049979,1.699948066,217974644,3920395342,2
-0.604850911,24.20530563,0.905919602,461828860,8940733562,2
-0.255462835,16.11392999,1.468918773,283928080,5259307135,2
-0.024979195,9.560345022,1.56485584,248065748,4522189415,2
-0.2695315,17.00538843,1.616886167,231424260,4185246993,2
-0.155624514,11.84080878,1.645328232,227943132,4117819219,2
-0.174970722,12.37352297,1.649852733,224151938,4038439746,2
0.196001904,8.368923634,1.158534843,368541216,6995963941,2
-0.143624583,10.10912211,1.637820975,228090618,4119816759,2
0.124932523,11.44811909,1.594344054,231680804,4181960680,2
0.012384756,11.87243849,1.571731157,238140056,4314052420,2
-0.00487463,10.04025718,1.710871225,205692474,3664184479,2
-0.101050227,10.57466925,1.70838861,207792516,3709200648,2
-0.168584237,14.15444994,1.64708994,226746926,4090843591,2
-0.149030221,11.9776776,1.708696199,212085896,3799493775,2
-0.018319407,12.83523002,1.662010695,216558748,3880561238,2
0.051603547,5.540875515,1.32250312,312016548,5826252458,2
0.000875831,0.102985071,1.483396084,284194656,5283618639,2
-0.002239882,8.306759892,1.60915321,228459450,4118410821,2
-0.115271959,21.73358131,1.764754663,191794162,3386020654,2
-0.064584263,11.95761648,1.560700394,239870626,4348650378,2
-0.044893827,11.95362065,1.71565552,203897070,3628316050,2
-0.314476145,18.67031231,1.560384449,235828068,4260320080,2
0.021707851,9.496892834,1.689932545,209143582,3730714698,2
-0.00174256,8.276004133,1.471678097,264403492,4844230140,2
0.308477977,10.66839246,1.346568987,303954362,5662228966,2
-0.042169462,11.81120244,1.697620733,210731942,3767363338,2
0.028567008,10.30728502,1.738871265,200430932,3560370380,2
0.067394463,9.792044516,1.557705373,241241262,4374937656,2
0.09682994,9.958458533,1.683101482,210561220,3758973474,2
0.224597242,15.70868221,1.557539847,244369772,4441768651,2
0.096304824,14.30220364,1.651235765,224353690,4044197511,2
0.419414366,20.09605651,1.339029415,312931082,5851089307,2
0.174610221,14.67772023,1.662959902,219367274,3940489147,2
-0.006474224,11.54393452,1.589735048,230937384,4166117271,2
0.02491137,10.99780991,1.690108591,210971600,3769472528,2
0.080576656,14.23264065,1.581875143,243145280,4421640425,2
-0.013722107,5.168170899,1.629753327,224908386,4049839735,2
0.000213649,0.106291026,1.481912712,332539174,6349587305,2
0.017929527,5.872757291,1.458932385,264624320,4846029108,2
-0.000379061,9.021286148,1.548249739,241827168,4384594583,2
-0.018870566,7.562213762,1.637113132,219408586,3934378501,2
-0.087863039,8.211043259,1.501124095,254341048,4641651272,2
-0.056868315,6.002304092,1.464720557,261203498,4774042076,2
-0.137973455,8.680303897,1.569828086,239749016,4346461717,2
-0.125900153,7.97479975,1.536786306,245133586,4453156743,2
-0.100015784,8.022099901,1.371836068,292327864,5417150060,2
0.036964449,7.773411549,1.549818466,240007632,4346265659,2
-0.062938964,8.013301935,1.59938582,228178468,4110000717,2
-0.061624839,6.626246603,1.674224338,212385986,3796153390,2
-0.100069658,6.996972099,1.512669987,250209204,4553683788,2
0.04011061,8.269572198,1.592424913,228895240,4123056256,2
-0.0298939,8.041794422,1.647958566,218760644,3924387557,2
0.002051188,8.363728711,1.712027735,204720022,3644607030,2
-0.064315979,9.475255971,1.584715875,233320444,4214483363,2
-0.073967907,8.009805127,1.619826783,223522634,4017480683,2
-0.033160249,8.381402002,1.645566624,219285804,3933566886,2
-0.007184413,8.202424933,1.770892574,192318464,3399081620,2
0.146484541,5.474942057,1.401970021,277148602,5099516766,2
-0.002938972,0.082569989,1.391038971,310798784,5806585118,2
-0.247254681,13.08907987,1.631736089,232425760,4209490334,2
-0.267485029,16.06105038,1.647801707,233693806,4239291699,2
-0.192606095,11.00253658,1.737204573,203995464,3636394916,2
-0.158806956,11.4068227,1.741597205,202707786,3611440706,2
-0.155263128,9.925953459,1.70870037,209327852,3739664880,2
-0.136323918,12.23340192,1.516322675,268464414,4950078581,2
-2.15E-05,7.469334849,1.676838518,214950630,3851135006,2
0.03663323,9.583604437,1.732076762,200718004,3566234733,2
-0.038579143,9.366492373,1.703864404,208841576,3730229002,2
-0.033734851,9.239409809,1.788281087,191351920,3384413443,2
-0.152848467,8.338899026,1.01117068,424530744,8170719370,2
0.116134499,11.46071243,1.724549314,199302850,3533030889,2
0.017778622,7.952671269,1.613557708,225186898,4049757872,2
0.048496217,8.958579853,1.679857133,211156514,3771110713,2
0.013941943,9.592877425,1.436163239,271923736,4995347995,2
0.040665573,9.482842828,1.643111269,219388216,3935452550,2
-0.093253401,11.57474859,1.675224247,217559488,3905236704,2
-0.096381249,10.73249262,1.6879254,211396360,3780461391,2
0.025550239,10.21686345,1.354846339,300694066,5585228685,2
-0.071945826,5.535210482,1.533693571,247189006,4494821011,2
0.001203002,0.079364066,1.57741594,279222016,5220334577,2
-0.029660785,4.788783559,1.427819655,275000834,5060623009,2
-0.015703403,4.588947404,1.62042148,225420646,4055533827,2
-0.027977342,6.183963559,1.680760507,211371894,3776398633,2
-0.092953975,7.688678392,1.637581461,221469980,3978383819,2
-0.009055142,4.652653875,1.153866606,353327568,6662045603,2
-0.000428753,6.209868704,1.623012314,222799722,4002493495,2
-0.03569101,5.01590548,1.742134843,198849730,3528472469,2
-0.010352778,6.583234871,1.615925025,226602810,4081024653,2
-0.043428643,7.755770423,1.692461088,208341974,3716227533,2
-0.041153006,6.776575365,1.616428829,227840896,4107119946,2
-0.142784724,7.868347351,0.871145681,537327280,10657246235,2
0.056515097,5.538738954,1.547748743,243881000,4428708392,2
-0.040965515,7.756244249,1.69173086,209213246,3733576633,2
0.023101487,6.613266302,1.579218097,235693032,4261955046,2
-0.005403221,8.883406516,1.65694325,220408364,3960551736,2
0.162237873,8.434663746,1.485432337,261226400,4781355732,2
0.059564674,7.882300058,1.538940556,242230158,4390546928,2
-0.031617285,6.792835751,1.657266883,213704488,3819188621,2
-0.055727642,6.859002001,1.624024457,228147410,4116669804,2
0.006378653,2.064261508,1.698337806,209334700,3737434664,2
0.004347861,0.140143854,1.549441153,281803520,5255658675,2
-0.013412736,5.297319091,1.593000307,230484552,4156864931,2
-0.023353833,5.884341031,1.647220321,219578774,3940347944,2
-0.052307455,7.735641711,1.373249852,291315738,5392815635,2
-0.01129651,7.599950723,1.784172795,189468650,3343158305,2
-0.077517991,8.255138457,1.493004709,264626192,4854292385,2
-0.137232639,9.511282902,1.650038284,216964348,3886447124,2
-0.018468296,6.531069177,1.70808598,205374922,3657039971,2
0.008118457,9.688987509,1.660374784,217174172,3894670873,2
0.100685269,7.983749288,1.706607729,202309550,3592080727,2
-0.01300613,7.740189183,1.715340668,204608826,3644097394,2
-0.004222672,7.584950544,1.725078719,204325192,3640152009,2
0.051633918,11.00553315,1.531524657,244168332,4429339828,2
-0.096988562,10.56852433,1.769463678,194116866,3436854245,2
-0.007708018,9.468311887,1.74734588,195493340,3459419933,2
-0.015531855,8.098646226,1.725267728,200092368,3550843522,2
-0.078707767,8.847646595,1.716442541,204905138,3651563886,2
0.022795329,8.076595698,1.644137575,218588928,3918437908,2
0.055085948,8.372918346,1.703523411,203498926,3615882359,2
-0.006573646,9.526322853,1.770961667,191087140,3373297569,2
-0.000431845,4.652458402,1.691216514,208441344,3717851507,2
0.00187394,0.096728198,1.492222535,282173404,5228208981,2
-0.090162861,11.30326073,1.669496765,216036586,3871832213,2
-0.099426397,16.04684868,1.779476703,186597286,3282643643,2
-0.058025228,10.87776896,1.681415802,210543758,3759617570,2
0.032375939,11.54045602,1.729621866,199199552,3533072926,2
0.016900635,9.268729128,1.708788206,206796180,3685829082,2
-0.030552146,10.5733432,1.683423211,212504882,3801647800,2
-0.05480341,15.73214082,1.781697664,191913934,3394236007,2
-0.166783267,11.26578663,1.640696777,221950234,3990414686,2
-0.06516622,10.72854866,1.7753166,191412244,3381725737,2
-0.057272884,10.21701564,1.774044354,192705206,3408347176,2
-0.073657487,10.84389672,1.792752384,188343290,3321948671,2
-0.035468814,8.138258243,1.757851786,195006684,3452288167,2
0.005594099,9.085095502,1.600886098,227827802,4102238151,2
-0.046020632,9.112135128,1.724780008,200636826,3563113129,2
0.046825278,8.703396773,1.641194313,218514846,3916208406,2
-0.225468525,12.85615287,1.270572193,328488728,6159656095,2
-0.080296599,11.97599206,1.757701284,194790826,3447620347,2
-0.068632944,9.999995525,1.720780952,203797084,3628299535,2
0.004755651,9.787059787,1.709227811,205637858,3663061787,2
0.016412299,6.663635184,1.230452147,343386962,6467284277,2
-2.28E-06,0.016521152,1.695731758,210430076,3759637377,2
-0.179613209,10.25793232,1.552195403,253801562,4642587624,2
-0.215904898,13.43128118,1.586003773,238861548,4331880792,2
-0.033912151,7.47884861,1.636199469,221880288,3987451359,2
0.037542867,7.816099361,1.648538355,220068196,3950825977,2
-0.069757382,8.250674842,1.690898449,207648266,3699749169,2
-0.004726773,8.938708486,1.68009639,214863454,3850207542,2
-0.013789352,5.522235058,1.657730646,215837198,3865190335,2
0.002565149,7.552495228,1.767882139,191962476,3390258557,2
-0.014685746,7.352518217,1.61869615,226502724,4080148167,2
0.045332094,8.111508265,1.626073043,225780436,4066555468,2
-0.00454279,5.384241668,1.638521647,221492964,3979482835,2
0.053371583,5.758913291,1.602040198,230697638,4163920567,2
0.021649857,7.219585568,1.651667497,217503620,3897510689,2
0.023074278,7.172130786,1.527567099,247076870,4490697218,2
0.113242678,9.691637002,1.467398816,262957266,4810940616,2
0.164690421,9.705363349,1.607970831,226477712,4074922576,2
-0.078353297,8.680134295,1.619029754,225130718,4049261717,2
-0.042659099,8.334808255,1.591239468,234628260,4244633193,2
0.108612631,8.79283284,1.524226192,248408824,4517355464,2
-0.058775016,4.615513289,1.632516695,223465418,4017173449,2
0.003859964,0.106263155,1.492538202,280880416,5204355956,2
-0.327548579,15.64927902,1.298336394,334233400,6300191543,2
-0.254092686,14.83492569,1.172460115,365425432,6928350166,2
-0.082962477,11.28396365,1.61569295,231151626,4178307359,2
-0.019290563,13.05842233,1.708613019,207899576,3711126706,2
-0.162732214,11.17159476,1.516905636,262884934,4824114793,2
0.026376861,11.02317164,1.291776907,327417458,6142787210,2
-0.031966863,7.853705768,1.686559621,212832256,3808160725,2
0.014929958,12.62905304,1.717690178,205856928,3670248766,2
-0.005809451,9.731103398,1.630962717,226939066,4093527247,2
0.021150786,10.11995653,1.595203576,231841764,4185521501,2
-0.099589296,7.325761683,1.501881023,254351456,4638710476,2
0.263649565,9.861523402,1.377412907,297970624,5537497934,2
0.059820711,10.66659287,1.652539961,221332694,3977186850,2
0.077991219,9.608241306,1.468556287,266123814,4880537897,2
0.035977749,9.748368924,1.598024152,237030618,4295817194,2
-0.005731311,13.47837526,1.556876878,243792056,4427297141,2
-0.127970211,12.244074,1.632459337,226023448,4073692984,2
-0.01784297,10.87757478,1.655699681,218785372,3925790937,2
0.098406309,9.91641589,1.484204245,260526360,4763949658,2
0.009536666,6.165002776,1.676390477,214862624,3848661807,2
0.002921232,0.113816972,1.189776954,420152590,8144724735,2
-0.106602377,12.23030763,1.709820854,209770564,3750796003,2
-0.077847415,13.72592175,1.623831596,229339456,4140144925,2
0.045511514,10.70531646,1.726200592,204319766,3639974636,2
0.085202247,10.34298895,1.691391868,210100640,3751451101,2
-0.025006941,10.6310341,1.598847638,229931062,4146148687,2
-0.060889351,9.932752996,1.765397747,193259856,3416389959,2
-0.10656646,10.6384602,1.200245838,357232734,6772184262,2
0.021960317,8.02788231,1.688482562,210395606,3758036157,2
0.022561587,10.48176135,1.709226075,206109382,3672904381,2
0.054088151,9.556690875,1.604755964,230130580,4152392985,2
-0.045044287,8.442276923,1.667585427,217401080,3901109441,2
0.040003134,8.358746537,1.66876406,211573214,3776960276,2
-0.010380813,10.36501009,1.730499245,201556688,3582874843,2
-0.10489892,11.79688123,1.335340042,312048946,5832951191,2
0.07582996,13.57041544,1.771186569,192562302,3404105890,2
0.053904737,14.15607102,1.706977694,207056974,3692862338,2
0.085704117,10.83949292,1.584906473,234186212,4232725167,2
0.029156236,10.19345154,1.67531367,213662948,3823612712,2
0.033680806,11.78125859,1.550461816,241115796,4370411273,2
0.006213127,4.335557433,1.583493187,235381510,4257044760,2
0.002181999,0.075560049,1.24237092,396197026,7654276691,2
0.319728829,12.43913449,1.341424711,312254906,5843932358,2
-0.019543248,8.1871506,1.700514697,207071366,3691160920,2
-0.10754519,7.514976742,1.522876395,248194954,4516259060,2
-0.032186997,7.697435084,1.734079188,197800956,3504826877,2
-0.103632659,8.756076385,1.703197191,204241458,3630733370,2
-0.180983969,11.90498966,1.44453713,277547646,5119453904,2
-0.095508011,7.041463938,1.589397749,234111174,4233637882,2
-0.305661062,12.34233991,1.463992461,271042154,4982346791,2
0.050046717,8.503397736,1.41735396,281974064,5202748957,2
0.004596067,8.037112328,1.741300621,197889914,3509073368,2
-0.010004541,5.063695832,1.68610716,211109644,3772089002,2
-0.190597176,7.282990437,1.157163738,359583582,6794046462,2
-0.042627084,8.2546649,1.562391477,238978978,4327641954,2
-0.025705305,9.316078408,1.735325699,201485302,3583731216,2
-0.40206801,10.63901189,1.134991566,372399464,7083172415,2
-0.196167895,11.27980577,1.492831607,256404108,4679995341,2
-0.012972673,8.280328187,1.588200487,232998816,4208345437,2
0.001024035,8.441733403,1.584144865,232187996,4189994867,2
0.028659734,8.874081928,1.634383481,221602872,3980088578,2
0.088183713,5.460829541,1.298432531,316942180,5923858560,2
-0.000690558,0.102201172,1.427642863,336575398,6403029675,2
-0.428062853,18.84747494,1.678469491,219632788,3948821184,2
-0.38331038,22.06791601,1.622045533,242564956,4424171047,2
-0.06095775,11.7513081,1.742293982,200880810,3573741661,2
-0.064902045,12.38826887,1.757109028,196704080,3488441623,2
-0.084637089,11.27386054,1.386647683,284313526,5245560904,2
-0.227749121,11.98098697,1.44166335,277582010,5118176458,2
-0.09837016,10.0308559,1.605794401,225069912,4045509211,2
0.216274246,10.95699591,1.140956856,363148666,6871074309,2
-0.048122823,12.99707828,1.686859334,210334320,3755998497,2
0.081284359,14.65040293,1.751679324,195491530,3459517862,2
0.037533613,10.95493017,1.467006599,263185572,4815176126,2
-0.260201976,15.76311931,0.981624869,487727862,9587606483,2
0.119015084,16.92697798,1.686886801,204936688,3642185738,2
-0.005531887,17.00676944,1.842007999,175400956,3063273649,2
0.060809801,11.63726917,1.80093084,184577608,3244068733,2
0.021209536,16.74221903,1.507840644,253137644,4611953540,2
-0.092610593,12.43241307,1.777930558,193788230,3432650217,2
0.039594439,13.41669934,1.644699681,220332160,3956316109,2
0.129214546,15.85811615,1.743756058,193965780,3425712872,2
0.140581443,7.054546596,1.258169929,327285720,6134246330,2
0.001232715,0.132900656,1.297109368,347419298,6587110990,2
-0.437027038,11.75633367,1.367981025,294349054,5456107533,2
-0.785876927,15.68959392,0.936374335,504176440,9934421133,2
-0.16343658,8.326200445,1.365750821,295797986,5486145742,2
-0.212843509,9.329227557,1.192400387,354174562,6689877254,2
0.107945277,11.7632032,1.0293845,460619602,9001091610,2
-0.573757001,13.25491482,1.068927385,396541808,7559402884,2
0.052337011,6.384086235,1.708925209,205833576,3669045990,2
0.054238766,6.885684462,1.269963323,327840056,6151358787,2
-0.009530805,8.344073282,1.786646205,189412120,3343254534,2
-0.071450766,8.452396125,1.706469507,206940328,3690228072,2
-0.021836508,6.422739436,1.817885027,183646888,3229563604,2
-0.04244055,6.053409394,1.579444403,239483534,4344345606,2
0.00962338,7.83389965,1.693863504,209631832,3742862958,2
0.0055148,8.360341163,1.624584014,225318324,4055976110,2
-0.016478993,9.17426126,1.774322645,194098862,3438029181,2
0.001124558,9.530049707,1.720468547,205465368,3662798623,2
-0.122538051,8.731669511,1.372906129,295556906,5481670822,2
-0.01029062,7.785531189,1.707775897,209187944,3737855308,2
-0.047648438,8.52609742,1.750607544,196387364,3479137344,2
-0.025908002,5.59934197,1.313318748,329684980,6201732383,2
-0.002980264,0.098315957,0.887143224,509464916,10024343734,2
-0.045964333,9.961580214,1.661501152,216226870,3872529385,2
-0.029443471,8.410375486,1.609642425,231350690,4180795264,2
-0.039957275,9.189182376,1.500830288,262122792,4806875001,2
-0.027203721,9.175200137,1.487709046,266037344,4888007592,2
0.07945515,8.169669459,0.938664587,446000962,8632779752,2
-0.0310861,8.144371737,1.1929299,360092294,6833950556,2
-0.112970616,6.842750993,1.297116855,311542678,5804478955,2
-0.111936833,7.498515217,1.263097588,323366158,6046561177,2
0.192632492,8.160731433,1.302457139,308567194,5741873212,2
-0.001420252,7.959554738,1.520474094,253726910,4633200865,2
-0.005015076,7.480074127,0.98844162,440648406,8511819732,2
-0.239864665,7.711120933,1.258177574,317915932,5933344191,2
-0.034866023,7.375160482,1.491933323,254632984,4642517396,2
-0.060090933,7.815448261,1.42896499,278077028,5123680352,2
-0.030120879,7.40754634,1.509024953,253614412,4626903112,2
-0.086627073,7.223792698,1.308172329,310050156,5777408812,2
0.006318392,10.0597829,1.507736562,260043722,4761326851,2
0.017505785,8.565446351,1.531353641,250090688,4557826286,2
-0.163486504,7.675926204,1.324357871,304134294,5659605206,2
0.034537531,3.731633326,1.158296521,388386726,7447182774,2
-0.002609184,0.141743328,1.070421621,442594664,8598611268,2
-0.016018882,14.35467155,1.625537859,220160702,3946518243,2
-0.151056624,15.99539764,1.714091837,207617618,3706790305,2
0.033642857,9.406656705,1.662266275,214033494,3826889054,2
0.003688096,10.21144128,1.702382218,207407100,3697347227,2
0.004446591,8.27939972,1.634729529,221415746,3975717846,2
0.114395928,11.66443644,1.527117691,246550246,4479280908,2
0.038250754,8.238956613,1.495303901,262035210,4800678143,2
-0.094479694,8.170941614,1.559675609,240739098,4363720091,2
-0.006133428,8.85692387,1.545225078,245084006,4452604360,2
-0.050128893,8.851366687,1.615119941,227675888,4102341311,2
0.015261096,6.863141198,1.513070405,252385926,4598848350,2
-0.062710125,7.939506276,1.52194868,250870728,4570892304,2
0.022652319,9.422119479,1.544477704,244109032,4431687538,2
-0.106901831,9.312619892,1.551534971,246952040,4498405290,2
-0.005197317,9.783753636,1.548870828,246083280,4475864820,2
0.046345885,11.92948437,1.688215277,212231800,3795627303,2
-0.008995919,9.050147516,1.660260708,215554794,3858582062,2
-0.080476138,9.673368505,1.559713844,243329034,4420470555,2
-0.082562619,8.99004222,1.550908343,245279328,4460956076,2
-0.059863723,4.858256005,1.422080429,280679702,5181772107,2
-0.000339506,0.060693485,1.505254894,274373140,5067093178,2
-0.102986041,10.28718508,1.804148621,184604374,3245534823,2
-0.115753857,9.884741639,1.534473817,248864424,4532540469,2
-0.124730614,10.82491371,1.65364995,218166604,3913106928,2
-0.0885287,9.80762114,1.633099119,221278608,3973099751,2
-0.228459718,9.38153825,1.364681802,293125070,5427460347,2
-0.000156309,9.879766606,1.591742886,234488250,4240052632,2
-0.078687895,9.736191914,1.660964847,216645044,3882515548,2
0.094895739,8.497042613,1.58317401,231351946,4171096658,2
0.006160934,11.13293888,1.588242213,232361716,4194433087,2
-0.023736626,11.32799112,1.544155938,242656872,4400902888,2
0.086306562,8.035824101,1.737113907,195974888,3467215231,2
0.119695204,11.3793951,1.675936747,208976404,3723769346,2
0.095633545,14.13797021,1.834306392,178342652,3122800012,2
0.254875203,16.1937593,1.657695522,210970984,3761297038,2
0.14425078,18.48854129,1.863220304,170971118,2976543169,2
0.140977078,21.46187167,1.860494514,170402364,2963711995,2
-0.073140886,10.22769276,1.665495134,215579260,3861637635,2
-0.024718412,12.06141871,1.584848582,233452306,4217220023,2
0.116252859,15.95923881,1.778071791,187368092,3297063932,2
0.026029388,5.85830708,1.658522412,214096408,3826503043,2
0.004062589,0.114026492,1.372318802,329182998,6225078623,2
0.084528544,13.05449708,1.879897986,168664654,2932868775,2
-0.043873889,12.15542752,1.735368632,197341044,3496035834,2
0.068728544,9.497217348,1.813042651,182596854,3206443831,2
0.023231933,9.052170576,1.735965262,198643126,3522050860,2
0.045004584,11.06377489,1.853803649,173735794,3031556287,2
-0.173577965,11.79481402,1.61905036,224116702,4029033930,2
0.100113483,9.808045667,1.604040514,228003882,4106281070,2
0.015302453,6.175550441,1.724638328,204495936,3643547736,2
0.075078459,9.841240277,1.724919919,201274832,3574479179,2
-0.078575492,11.72882869,1.685902957,209262754,3731810435,2
-0.009335732,7.158828379,1.613375331,230764146,4167878536,2
-0.088743905,5.37395949,1.478016964,258179086,4713750742,2
0.112038617,9.418472922,1.625157471,224120054,4028991426,2
-0.384873947,9.643043345,1.204896943,337959308,6345892644,2
0.131485576,9.182225579,1.568764574,240759176,4367028428,2
0.160464373,8.418867179,1.522884774,247496048,4498566674,2
0.014736098,9.895433173,1.72957872,200662232,3563402300,2
-0.004581601,9.366745695,1.588140634,233961496,4231098912,2
-0.033896861,9.459039001,1.279504245,316437468,5907347755,2
0.052840363,5.649301275,1.508801847,251256294,4574714078,2
0.003215454,0.101928085,1.239074425,352915598,6673457620,2
0.401774368,7.858250275,0.978564484,450750082,8755107015,2
-0.066005942,10.59511753,1.251289401,331895906,6238471629,2
-0.057928276,7.970325548,1.029451201,414116378,7971011780,2
0.203925595,8.947949571,1.689047064,338257852,45159312545,2
-0.2174139,7.758587221,0.96492754,422160102,8091035240,2
-0.082935275,9.155686684,1.08850506,389495480,7446280002,2
0.058623297,5.63206889,1.259244371,322941548,6041947248,2
-0.043521375,10.41521034,0.877959002,465191352,9015609805,2
-0.300208604,9.293735128,1.280864701,311543912,5802690222,2
-0.135520334,11.54730938,1.518214535,252584932,4607163815,2
0.206907021,8.923261721,1.123396433,370407948,7020357810,2
-0.298100753,9.019666362,1.24860738,326223964,6108696385,2
-0.147686963,8.559356678,1.111339168,373544880,7092965993,2
-0.045945029,9.712589584,1.411402567,282022346,5208016245,2
-0.09603353,8.224202171,1.367977232,290645984,5378099206,2
0.001978281,8.381929223,1.562842266,241420128,4382876472,2
-0.03293147,9.47256331,1.342427572,295140486,5469520574,2
-0.056487393,10.35404649,1.566297166,240145976,4355679217,2
0.120189822,11.29171982,1.337247785,302975816,5634587086,2
-0.152078618,5.203945187,1.207533603,356840362,6765090054,2
0.00093879,0.094151926,1.681946896,246193138,4521019341,2
-0.237652914,11.73964666,1.567717103,233072908,4203898695,2
-0.083102444,9.776794853,1.545700548,247745300,4512746871,2
-0.360083399,9.214604909,1.310737506,302557464,5616133518,2
0.000610417,9.62034351,1.779145655,191765702,3389310155,2
0.118612032,6.33191894,1.353390948,292551246,5415789596,2
-0.019505228,9.327004375,1.768368407,191616112,3384508740,2
0.128476943,7.265189706,1.355268225,294608034,5459445895,2
0.016294201,9.396714047,1.656483326,215172138,3849353537,2
-0.178127804,10.21624911,1.494785061,255912434,4670203033,2
-0.064724656,10.61217748,1.626814397,225068356,4051770933,2
0.168137064,8.690607605,1.448008696,268357012,4924045918,2
-0.021070405,15.19508592,1.684281389,207070750,3686103400,2
-0.187613576,11.86398321,1.500398737,250869190,4563135478,2
-0.078764262,13.64578888,1.76547287,195030552,3454720347,2
0.018211327,12.84580734,1.656946341,212681018,3797608426,2
0.043971589,13.37514477,1.736578878,197515012,3499851919,2
-0.022278007,9.657377366,1.654315249,216752158,3882451574,2
-0.119781089,11.55214599,1.630760811,223919920,4028248899,2
-0.177012372,13.04748049,1.588329463,232901526,4207644556,2
0.031488281,4.785063668,1.562730596,239572930,4341180733,2
0.004606499,0.120733279,0.997995775,528851258,10513519695,2
0.055001633,8.217573456,1.643106677,219063758,3928911024,2
0.009082191,8.632657745,1.638259383,219231890,3929926402,2
0.007003157,8.316291559,1.670767697,213988348,3829158598,2
0.044574041,8.467503628,1.61793003,225529382,4057563646,2
0.036695469,9.461414702,1.589711014,234961572,4249322412,2
-0.005793335,9.413020518,1.726177686,202209576,3595283951,2
0.0482829,6.564932191,1.636199571,222273258,3994672124,2
0.077517838,7.22451125,1.535161544,244236758,4430956573,2
0.026255274,7.904962876,1.76377338,194369178,3440683870,2
0.068278704,8.317557572,1.666765958,213334002,3813514354,2
0.007916752,6.02771617,1.721357274,205219094,3657268899,2
0.049207033,7.426411429,1.542950141,242165328,4390516158,2
0.05329428,7.490142042,1.615473629,226713164,4082776187,2
0.067189234,8.562157537,1.578062109,234370000,4236053518,2
0.076222275,8.280851142,1.569856377,235186696,4250726590,2
0.035482269,7.952986247,1.566328827,234512490,4234904175,2
-0.006620918,8.178539634,1.665152876,212671900,3798318248,2
0.019870515,8.422037007,1.664176627,213198100,3811128809,2
0.070228104,8.024599049,1.531884439,243776950,4421584309,2
-0.124890916,7.628113844,1.64379276,219153878,3929942848,2
-6.49E-05,0.046946746,1.498497453,272349528,5011255542,2
0.003120754,11.02662036,1.755921926,194701172,3444940522,2
0.098418423,9.371296471,1.549422144,244386910,4437335875,2
0.050827093,10.47826806,1.482623168,256073126,4668992276,2
0.043026145,9.27466611,1.372619546,288840670,5341143181,2
0.008496481,7.612779788,1.520856733,251000128,4573282920,2
-0.094024087,14.12602191,1.656254054,218103242,3913377252,2
-0.009525491,9.890892701,1.654167618,216115226,3868911873,2
0.016939716,7.910715368,1.605848038,228136280,4109804312,2
-0.02294205,9.752519117,1.562388358,235949520,4265234372,2
-0.058121643,9.696534003,1.559115803,237877810,4303838500,2
0.032304249,9.07949814,1.607313694,230801742,4167002564,2
0.015434612,8.869837958,1.674460244,212615912,3799885978,2
0.038052955,10.35674505,1.613689578,226327674,4074452425,2
0.01079571,10.38319432,1.602141784,227837986,4103047265,2
-0.108642685,12.35345863,1.650480044,219149658,3931941670,2
-0.057680105,10.38131204,1.629584302,221786470,3982828200,2
0.161009197,11.65254886,1.425460178,276207876,5083530203,2
-0.056114409,9.77646278,1.4348736,272003502,4998302939,2
0.055314103,11.12664281,1.650886548,217320014,3892663359,2
0.033701004,5.843610443,1.627685026,226113724,4074375123,2
0.000697971,0.08563017,1.490279684,312131482,5892678326,2
-0.032404117,11.36436533,1.576513874,237812184,4308509929,2
-0.062700444,8.612549119,1.497844686,258462594,4723454136,2
0.014469191,8.572943159,1.60755967,229371148,4136268014,2
-0.034374926,9.909866413,1.564295342,239552804,4340457107,2
-0.068371601,9.112497281,1.472437507,265898390,4878134448,2
-0.007205006,8.768732624,1.495391986,260951284,4776874704,2
-0.010300063,9.173056886,1.679885671,214356794,3838265505,2
-0.046978493,9.403198413,1.580883163,233402156,4214314566,2
-0.066724521,8.641445464,1.72197189,204390338,3639418653,2
-0.036250143,8.897803509,1.706591318,207167432,3694053701,2
-0.136556678,8.490313577,1.53703985,244417082,4435875647,2
-0.120783752,10.21393717,1.58388907,239199730,4338510605,2
-0.054901251,8.539553914,1.56900747,239288534,4338239574,2
-0.060645833,8.885632114,1.664859676,216726462,3885235613,2
-0.021685873,9.632172977,1.685067191,212527670,3801204264,2
-0.042051478,9.923717102,1.725534246,203680726,3625322735,2
-0.010103732,11.11725755,1.558840045,242160528,4394227378,2
-0.056945404,9.687516716,1.765401035,194310784,3439718876,2
-0.082694803,9.32247979,1.562542231,241802008,4388966487,2
0.035885342,4.553147047,1.472468591,261870940,4790093584,2
-5.57E-05,0.018951129,1.695601539,206885674,3685594673,2
